Country,Airlines,Model Series,Region
France,Air France,A318,Europe
United Kingdom,British Airways,A318,Europe
United States,Frontier Airlines,A318,North America
Chile,Latam Airlines Group,A318,Latin America & Caribbean
United States,Nas Aviation Services,A318,North America
Romania,Tarom,A318,Europe
France,Air France,A318,Europe
United Kingdom,British Airways,A318,Europe
United States,Frontier Airlines,A318,North America
Chile,Latam Airlines Group,A318,Latin America & Caribbean
United States,Nas Aviation Services,A318,North America
Romania,Tarom,A318,Europe
France,Air France,A320,Europe
Romania,Tarom,A320,Europe
Netherlands,Aercap,A319ceo,Europe
Russian Federation,Aeroflot Russian Airlines,A319ceo,Europe
Ireland,Aerventure,A319ceo,Europe
Libya,Afriqiyah Airways,A319ceo,Africa
France,Aigle Azur,A319ceo,Europe
Germany,Air Berlin,A319ceo,Europe
Canada,Air Canada,A319ceo,North America
China,Air China,A319ceo,Asia-Pacific
Ireland,Aircraft Purchase Fleet,A319ceo,Europe
France,Air France,A319ceo,Europe
France,Air Inter,A319ceo,Europe
Mauritius,Air Mauritius,A319ceo,Africa
Namibia,Air Namibia,A319ceo,Africa
China,Air Travel,A319ceo,Asia-Pacific
Italy,Alitalia,A319ceo,Europe
United States,American Airlines,A319ceo,North America
United States,America West Airlines,A319ceo,North America
Faroe Islands,Atlantic Airways,A319ceo,Europe
Austria,Austrian Airlines,A319ceo,Europe
Colombia,Avianca,A319ceo,Latin America & Caribbean
El Salvador,Avianca El Salvador,A319ceo,Latin America & Caribbean
United Kingdom,Avianca Group International Limited,A319ceo,Europe
United States,Aviation Capital Group,A319ceo,North America
Ireland,Avolon,A319ceo,Europe
Azerbaijan,Azerbaijan Airlines,A319ceo,Europe
Singapore,Boc Aviation,A319ceo,Asia-Pacific
United States,Boullioun,A319ceo,North America
United Kingdom,British Airways,A319ceo,Europe
China,Calc,A319ceo,Asia-Pacific
China,Casc,A319ceo,Asia-Pacific
Philippines,Cebu Pacific,A319ceo,Asia-Pacific
China,Chengdu Airlines,A319ceo,Asia-Pacific
China,China Eastern Airlines,A319ceo,Asia-Pacific
China,China Southern Airlines,A319ceo,Asia-Pacific
Ireland,Cit Leasing,A319ceo,Europe
Croatia,Croatia Airlines,A319ceo,Europe
Czech Republic,Csa - Czech Airlines,A319ceo,Europe
Cyprus,Cyprus Airways Old,A319ceo,Europe
Bhutan,Druk Air,A319ceo,Asia-Pacific
United Kingdom,Easyjet,A319ceo,Europe
Finland,Finnair,A319ceo,Europe
United States,Frontier Airlines,A319ceo,North America
Germany,Germania,A319ceo,Europe
Germany,Germanwings,A319ceo,Europe
China,Hainan Airlines,A319ceo,Asia-Pacific
Germany,Hamburg International Airlines,A319ceo,Europe
Spain,Iberia,A319ceo,Europe
China,Icbc,A319ceo,Asia-Pacific
United States,Ilfc,A319ceo,North America
Brazil,Latam Airlines Brasil,A319ceo,Latin America & Caribbean
Chile,Latam Airlines Group,A319ceo,Latin America & Caribbean
United States,Lerner Enterprises,A319ceo,North America
Germany,Lufthansa,A319ceo,Europe
United States,Macquarie Aircraft Leasing Ltd,A319ceo,North America
India,Nacil - Indian Airlines,A319ceo,Asia-Pacific
United States,Nas Aviation Services,A319ceo,North America
Austria,Niki,A319ceo,Europe
United States,Northwest Airlines,A319ceo,North America
United States,Oha Centre Street Aircraft Holdco,A319ceo,North America
Belgium,Sabena,A319ceo,Europe
Sweden,Sas,A319ceo,Europe
China,Shenzhen Airlines,A319ceo,Asia-Pacific
China,Sichuan Airlines,A319ceo,Asia-Pacific
Singapore,Silkair,A319ceo,Asia-Pacific
Ireland,Smbc Aviation Capital,A319ceo,Europe
South Africa,South African Airways,A319ceo,Africa
United States,Spirit Airlines,A319ceo,North America
Switzerland,Swissair,A319ceo,Europe
Portugal,Tap Air Portugal,A319ceo,Europe
United States,Texas Aviation Group,A319ceo,North America
China,Tibet Airlines,A319ceo,Asia-Pacific
Tunisia,Tunisair,A319ceo,Africa
Turkey,Turkish Airlines,A319ceo,Europe
United States,United Airlines,A319ceo,North America
United States,Us Airways,A319ceo,North America
United States,Virgin America,A319ceo,North America
Mexico,Volaris,A319ceo,Latin America & Caribbean
United States,Z/C Aviation Partners One Llc,A319ceo,North America
Netherlands,Aercap,A319,Europe
Russian Federation,Aeroflot Russian Airlines,A319,Europe
Ireland,Aerventure,A319,Europe
Libya,Afriqiyah Airways,A319,Africa
France,Aigle Azur,A319,Europe
Germany,Air Berlin,A319,Europe
Canada,Air Canada,A319,North America
China,Air China,A319,Asia-Pacific
Ireland,Aircraft Purchase Fleet,A319,Europe
France,Air France,A319,Europe
France,Air Inter,A319,Europe
Mauritius,Air Mauritius,A319,Africa
Namibia,Air Namibia,A319,Africa
China,Air Travel,A319,Asia-Pacific
Italy,Alitalia,A319,Europe
United States,American Airlines,A319,North America
United States,America West Airlines,A319,North America
Faroe Islands,Atlantic Airways,A319,Europe
Austria,Austrian Airlines,A319,Europe
Colombia,Avianca,A319,Latin America & Caribbean
El Salvador,Avianca El Salvador,A319,Latin America & Caribbean
United Kingdom,Avianca Group International Limited,A319,Europe
United States,Aviation Capital Group,A319,North America
Ireland,Avolon,A319,Europe
Azerbaijan,Azerbaijan Airlines,A319,Europe
Singapore,Boc Aviation,A319,Asia-Pacific
United States,Boullioun,A319,North America
United Kingdom,British Airways,A319,Europe
China,Calc,A319,Asia-Pacific
China,Casc,A319,Asia-Pacific
Philippines,Cebu Pacific,A319,Asia-Pacific
China,Chengdu Airlines,A319,Asia-Pacific
China,China Eastern Airlines,A319,Asia-Pacific
China,China Southern Airlines,A319,Asia-Pacific
Ireland,Cit Leasing,A319,Europe
Croatia,Croatia Airlines,A319,Europe
Czech Republic,Csa - Czech Airlines,A319,Europe
Cyprus,Cyprus Airways Old,A319,Europe
Bhutan,Druk Air,A319,Asia-Pacific
United Kingdom,Easyjet,A319,Europe
Finland,Finnair,A319,Europe
United States,Frontier Airlines,A319,North America
Germany,Germania,A319,Europe
Germany,Germanwings,A319,Europe
China,Hainan Airlines,A319,Asia-Pacific
Germany,Hamburg International Airlines,A319,Europe
Spain,Iberia,A319,Europe
China,Icbc,A319,Asia-Pacific
United States,Ilfc,A319,North America
Brazil,Latam Airlines Brasil,A319,Latin America & Caribbean
Chile,Latam Airlines Group,A319,Latin America & Caribbean
United States,Lerner Enterprises,A319,North America
Germany,Lufthansa,A319,Europe
United States,Macquarie Aircraft Leasing Ltd,A319,North America
India,Nacil - Indian Airlines,A319,Asia-Pacific
United States,Nas Aviation Services,A319,North America
Austria,Niki,A319,Europe
United States,Northwest Airlines,A319,North America
United States,Oha Centre Street Aircraft Holdco,A319,North America
Belgium,Sabena,A319,Europe
Sweden,Sas,A319,Europe
China,Shenzhen Airlines,A319,Asia-Pacific
China,Sichuan Airlines,A319,Asia-Pacific
Singapore,Silkair,A319,Asia-Pacific
Ireland,Smbc Aviation Capital,A319,Europe
South Africa,South African Airways,A319,Africa
United States,Spirit Airlines,A319,North America
Switzerland,Swissair,A319,Europe
Portugal,Tap Air Portugal,A319,Europe
United States,Texas Aviation Group,A319,North America
China,Tibet Airlines,A319,Asia-Pacific
Tunisia,Tunisair,A319,Africa
Turkey,Turkish Airlines,A319,Europe
United States,United Airlines,A319,North America
United States,Us Airways,A319,North America
United States,Virgin America,A319,North America
Mexico,Volaris,A319,Latin America & Caribbean
United States,Z/C Aviation Partners One Llc,A319,North America
Greece,Aegean Airlines,A319,Europe
Mongolia,Aero Mongolia,A319,Asia-Pacific
Libya,Afriqiyah Airways,A319,Africa
Albania,Air Albania,A319,Europe
Turkey,Air Anka,A319,Europe
Canada,Air Canada,A319,North America
China,Air China,A319,Asia-Pacific
Cã”Te D'Ivoire,Air Cote D'Ivoire,A319,Africa
France,Air France,A319,Europe
China,Air Guilin,A319,Asia-Pacific
India,Air India,A319,Asia-Pacific
Moldova,Air Moldova,A319,Europe
Namibia,Air Namibia,A319,Africa
Senegal,Air Senegal,A319,Africa
Serbia,Air Serbia,A319,Europe
China,Air Travel,A319,Asia-Pacific
United States,Alaska Airlines,A319,North America
United States,Allegiant Air,A319,North America
France,Amelia,A319,Europe
United States,American Airlines,A319,North America
Russian Federation,Aurora,A319,Europe
Colombia,Avianca,A319,Latin America & Caribbean
El Salvador,Avianca El Salvador,A319,Latin America & Caribbean
Azerbaijan,Azerbaijan Airlines,A319,Europe
Thailand,Bangkok Airways,A319,Asia-Pacific
China,Beijing Capital Airlines,A319,Asia-Pacific
Bhutan,Bhutan Airlines,A319,Asia-Pacific
Sweden,Braathens International Airways,A319,Europe
United Kingdom,British Airways,A319,Europe
Belgium,Brussels Airlines,A319,Europe
Bulgaria,Bulgaria Air,A319,Europe
Cambodia,Cambodia Airways,A319,Asia-Pacific
Romania,Carpatair,A319,Europe
Switzerland,Chair Airlines,A319,Europe
China,Chengdu Airlines,A319,Asia-Pacific
China,China Eastern Airlines,A319,Asia-Pacific
China,China Southern Airlines,A319,Asia-Pacific
China,Chongqing Airlines,A319,Asia-Pacific
Russian Federation,Citrus,A319,Europe
Bermuda,Coral Jet,A319,Latin America & Caribbean
Croatia,Croatia Airlines,A319,Europe
Romania,Dan Air,A319,Europe
United States,Delta Air Lines,A319,North America
Bhutan,Druk Air,A319,Asia-Pacific
United Kingdom,Easyjet,A319,Europe
Germany,Eurowings,A319,Europe
Austria,Eurowings Europe,A319,Europe
Malta,Eurowings Europe Malta,A319,Europe
"Taiwan, Republic Of China",Eva Air,A319,Asia-Pacific
Finland,Finnair,A319,Europe
Nigeria,First Nation Airways,A319,Africa
Croatia,Fly Air 41 Airways,A319,Europe
Germany,Germanwings,A319,Europe
Lithuania,Getjet Airlines,A319,Europe
United States,Global Crossing Airlines,A319,North America
Malta,Hi Fly Malta,A319,Europe
Nepal,Himalaya Airlines,A319,Asia-Pacific
Moldova,Hisky,A319,Europe
Spain,Iberia,A319,Europe
Russian Federation,Iraero Airlines,A319,Europe
Italy,Ita Airways,A319,Europe
Chile,Latam Airlines Group,A319,Latin America & Caribbean
Libya,Libyan Wings,A319,Africa
China,Loong Air,A319,Asia-Pacific
Germany,Lufthansa,A319,Europe
Germany,Lufthansa Cityline,A319,Europe
Myanmar,Myanmar Airways International,A319,Asia-Pacific
Russian Federation,Rossiya Airlines,A319,Europe
Philippines,Royal Air Philippines,A319,Asia-Pacific
Jordan,Royal Jordanian,A319,Middle East
Russian Federation,S7 Airlines,A319,Europe
Sweden,Sas,A319,Europe
Singapore,Scoot,A319,Asia-Pacific
China,Shenzhen Airlines,A319,Asia-Pacific
China,Sichuan Airlines,A319,Asia-Pacific
Angola,Sonair,A319,Africa
South Africa,South African Airways,A319,Africa
United States,Spirit Airlines,A319,North America
Germany,Sundair,A319,Europe
Portugal,Tap Air Portugal,A319,Europe
China,Tibet Airlines,A319,Asia-Pacific
Croatia,Trade Air,A319,Europe
Tunisia,Tunisair,A319,Africa
Turkey,Turkish Airlines,A319,Europe
United States,United Airlines,A319,North America
Russian Federation,Ural Airlines,A319,Europe
Mexico,Volaris,A319,Latin America & Caribbean
Spain,Volotea,A319,Europe
Bulgaria,Voyage Air,A319,Europe
Spain,Vueling,A319,Europe
China,West Air,A319,Asia-Pacific
"Iran, Islamic Republic Of",Zagros Airlines,A319,Middle East
China,Air China,A319neo,Asia-Pacific
China,China Southern Airlines,A319neo,Asia-Pacific
China,Sichuan Airlines,A319neo,Asia-Pacific
United States,Spirit Airlines,A319neo,North America
China,Tibet Airlines,A319neo,Asia-Pacific
China,China Southern Airlines,A319,Asia-Pacific
China,Tibet Airlines,A319,Asia-Pacific
China,China Southern Airlines,A319,Asia-Pacific
China,Tibet Airlines,A319,Asia-Pacific
Colombia,Aces Colombia,A320ceo,Latin America & Caribbean
Slovenia,Adria Airways,A320ceo,Europe
Greece,Aegean Airlines,A320ceo,Europe
Netherlands,Aercap,A320ceo,Europe
Ireland,Aerdragon Aviation Partners,A320ceo,Europe
Ireland,Aer Lingus,A320ceo,Europe
Russian Federation,Aeroflot Russian Airlines,A320ceo,Europe
"Korea, Republic Of",Aero K,A320ceo,Asia-Pacific
Germany,Aero Lloyd,A320ceo,Europe
United Arab Emirates,Aerospace Trading Holding Limited,A320ceo,Middle East
Singapore,Aerostar Leasing,A320ceo,Asia-Pacific
Ireland,Aerventure,A320ceo,Europe
Libya,Afriqiyah Airways,A320ceo,Africa
United Arab Emirates,Air Arabia,A320ceo,Middle East
Malaysia,Airasia,A320ceo,Asia-Pacific
Kazakhstan,Air Astana,A320ceo,Europe
Germany,Air Berlin,A320ceo,Europe
Pakistan,Airblue,A320ceo,Asia-Pacific
Egypt,Air Cairo,A320ceo,Africa
New Caledonia,Aircalin,A320ceo,Asia-Pacific
Canada,Air Canada,A320ceo,North America
China,Air China,A320ceo,Asia-Pacific
China,Air China Zhejiang Company,A320ceo,Asia-Pacific
Cã”Te D'Ivoire,Air Cote D'Ivoire,A320ceo,Africa
Ireland,Aircraft Purchase Fleet,A320ceo,Europe
India,Air Deccan,A320ceo,Asia-Pacific
France,Air France,A320ceo,Europe
France,Air Inter,A320ceo,Europe
Jamaica,Air Jamaica,A320ceo,Latin America & Caribbean
United States,Air Lease Corporation,A320ceo,North America
Malta,Air Malta,A320ceo,Europe
New Zealand,Air New Zealand,A320ceo,Asia-Pacific
Italy,Air One,A320ceo,Europe
Kuwait,Alafco,A320ceo,Middle East
Italy,Alitalia,A320ceo,Europe
United States,Allegiant Air,A320ceo,North America
Japan,All Nippon Airways,A320ceo,Asia-Pacific
Switzerland,Alphastream,A320ceo,Europe
Kuwait,Al Sahaab Aircraft Leasing,A320ceo,Middle East
United States,America West Airlines,A320ceo,North America
Australia,Ansett Australia Ltd,A320ceo,Asia-Pacific
"Korea, Republic Of",Asiana Airlines,A320ceo,Asia-Pacific
Philippines,Asiawide,A320ceo,Asia-Pacific
Faroe Islands,Atlantic Airways,A320ceo,Europe
Austria,Austrian Airlines,A320ceo,Europe
Colombia,Avianca,A320ceo,Latin America & Caribbean
El Salvador,Avianca El Salvador,A320ceo,Latin America & Caribbean
United Kingdom,Avianca Group International Limited,A320ceo,Europe
United States,Aviation Capital Group,A320ceo,North America
Ireland,Avolon,A320ceo,Europe
Ireland,Awas,A320ceo,Europe
Australia,Bbam Aircraft Management Lp,A320ceo,Asia-Pacific
China,Beijing Capital Airlines,A320ceo,Asia-Pacific
United Kingdom,Bmi,A320ceo,Europe
Singapore,Boc Aviation,A320ceo,Asia-Pacific
China,Bocomm Leasing,A320ceo,Asia-Pacific
United States,Boullioun,A320ceo,North America
United Kingdom,British Airways,A320ceo,Europe
China,Calc,A320ceo,Asia-Pacific
Canada,Canadian Airlines International,A320ceo,North America
China,Casc,A320ceo,Asia-Pacific
Hong Kong,Cathay Dragon,A320ceo,Asia-Pacific
China,Cdb Leasing,A320ceo,Asia-Pacific
Philippines,Cebu Pacific,A320ceo,Asia-Pacific
China,Chengdu Airlines,A320ceo,Asia-Pacific
China,China Eastern Airlines,A320ceo,Asia-Pacific
China,China Eastern Xibei Airlines,A320ceo,Asia-Pacific
China,China Express Airlines (Huaxia Airlines),A320ceo,Asia-Pacific
China,China Southern Airlines,A320ceo,Asia-Pacific
Ireland,Cit Leasing,A320ceo,Europe
Germany,Condor Berlin,A320ceo,Europe
Croatia,Croatia Airlines,A320ceo,Europe
Czech Republic,Csa - Czech Airlines,A320ceo,Europe
Cyprus,Cyprus Airways Old,A320ceo,Europe
United Kingdom,Easyjet,A320ceo,Europe
Switzerland,Edelweiss Air,A320ceo,Europe
Egypt,Egyptair,A320ceo,Africa
United Arab Emirates,Etihad Airways,A320ceo,Middle East
Finland,Finnair,A320ceo,Europe
United Kingdom,First Choice Airways,A320ceo,Europe
Switzerland,Flightlease,A320ceo,Europe
United States,Frontier Airlines,A320ceo,North America
Indonesia,Garuda Indonesia,A320ceo,Asia-Pacific
Switzerland,Gatx Flightlease,A320ceo,Europe
United Kingdom,Gb Airways,A320ceo,Europe
Singapore,Global Aircraft Trading,A320ceo,Asia-Pacific
India,Go First,A320ceo,Asia-Pacific
Ireland,Gpa Airbus Ltd,A320ceo,Europe
Bahamas,Grupo Taca,A320ceo,Latin America & Caribbean
Bahrain,Gulf Air,A320ceo,Middle East
China,Hainan Airlines,A320ceo,Asia-Pacific
Hong Kong,Hong Kong Airlines,A320ceo,Asia-Pacific
Spain,Iberia,A320ceo,Europe
China,Icbc,A320ceo,Asia-Pacific
United States,Ilfc,A320ceo,North America
India,Indigo,A320ceo,Asia-Pacific
Mexico,Interjet,A320ceo,Latin America & Caribbean
United Arab Emirates,International Airfinancecorporation,A320ceo,Middle East
United Arab Emirates,International Aviation Investments Trading L,A320ceo,Middle East
"Iran, Islamic Republic Of",Iran Air,A320ceo,Middle East
Israel,Israir,A320ceo,Middle East
United States,Jackson Square Aviation,A320ceo,North America
Kuwait,Jazeera Airways,A320ceo,Middle East
United States,Jetblue Airways,A320ceo,North America
Chile,Jetsmart,A320ceo,Latin America & Caribbean
China,Juneyao Airlines,A320ceo,Asia-Pacific
Japan,Kawasaki Leasing International,A320ceo,Asia-Pacific
India,Kingfisher Airlines,A320ceo,Asia-Pacific
Kuwait,Kuwait Airways,A320ceo,Middle East
Lao People'S Democratic Republic,Lao Airlines,A320ceo,Asia-Pacific
Brazil,Latam Airlines Brasil,A320ceo,Latin America & Caribbean
Chile,Latam Airlines Group,A320ceo,Latin America & Caribbean
Libya,Libyan Airlines,A320ceo,Africa
Indonesia,Lion Air,A320ceo,Asia-Pacific
China,Loong Air,A320ceo,Asia-Pacific
Egypt,Lotus Air,A320ceo,Africa
Germany,Ltu,A320ceo,Europe
Germany,Lufthansa,A320ceo,Europe
United States,Macquarie Aircraft Leasing Ltd,A320ceo,North America
Mexico,Mexicana,A320ceo,Latin America & Caribbean
Lebanon,Middle East Airlines,A320ceo,Middle East
United Kingdom,Monarch Airlines,A320ceo,Europe
India,Nacil - Indian Airlines,A320ceo,Asia-Pacific
United States,Nas Aviation Services,A320ceo,North America
Nepal,Nepal Airlines,A320ceo,Asia-Pacific
Austria,Niki,A320ceo,Europe
United States,Northwest Airlines,A320ceo,North America
Tunisia,Nouvelair,A320ceo,Africa
Spain,Orbest Orizonia,A320ceo,Europe
Japan,Orix Corporation,A320ceo,Asia-Pacific
Viet Nam,Pacific Airlines,A320ceo,Asia-Pacific
Japan,Peach,A320ceo,Asia-Pacific
Philippines,Philippine Airlines,A320ceo,Asia-Pacific
Australia,Qantas Airways,A320ceo,Asia-Pacific
Qatar,Qatar Airways,A320ceo,Middle East
China,Qingdao Airlines,A320ceo,Asia-Pacific
Jordan,Royal Jordanian,A320ceo,Middle East
Belgium,Sabena,A320ceo,Europe
Saudi Arabia,Saudia,A320ceo,Middle East
Saudi Arabia,Saudigulf Airlines,A320ceo,Middle East
Singapore,Scoot,A320ceo,Asia-Pacific
China,Shenzhen Airlines,A320ceo,Asia-Pacific
Egypt,Shorouk Air,A320ceo,Africa
China,Sichuan Airlines,A320ceo,Asia-Pacific
Singapore,Silkair,A320ceo,Asia-Pacific
Ireland,Smbc Aviation Capital,A320ceo,Europe
South Africa,South African Airways,A320ceo,Africa
Spain,Spanair,A320ceo,Europe
United States,Spirit Airlines,A320ceo,North America
China,Spring Airlines,A320ceo,Asia-Pacific
Sri Lanka,Srilankan Airlines,A320ceo,Asia-Pacific
Japan,Star Flyer,A320ceo,Asia-Pacific
Sudan,Sudan Airways,A320ceo,Africa
Denmark,Sunclass Airlines,A320ceo,Europe
Switzerland,Swiss,A320ceo,Europe
Switzerland,Swissair,A320ceo,Europe
Brazil,Synergy Aerospace Corporation,A320ceo,Latin America & Caribbean
Syrian Arab Republic,Syrianair,A320ceo,Middle East
Portugal,Tap Air Portugal,A320ceo,Europe
Thailand,Thai Airways,A320ceo,Asia-Pacific
Germany,Thomas Cook Ag,A320ceo,Europe
Bermuda,Three Twenty Holdings,A320ceo,Latin America & Caribbean
China,Tibet Airlines,A320ceo,Asia-Pacific
Australia,Tigerair Australia,A320ceo,Asia-Pacific
"Taiwan, Republic Of China",Transasia Airways,A320ceo,Asia-Pacific
Tunisia,Tunisair,A320ceo,Africa
Turkey,Turkish Airlines,A320ceo,Europe
United States,United Airlines,A320ceo,North America
United States,Us Airways,A320ceo,North America
Uzbekistan,Uzbekistan Airways,A320ceo,Europe
Viet Nam,Vietjet Air,A320ceo,Asia-Pacific
United States,Virgin America,A320ceo,North America
Mexico,Viva Aerobus,A320ceo,Latin America & Caribbean
Colombia,Viva Air Colombia,A320ceo,Latin America & Caribbean
Mexico,Volaris,A320ceo,Latin America & Caribbean
Spain,Vueling,A320ceo,Europe
Hungary,Wizz Air,A320ceo,Europe
Yemen,Yemenia,A320ceo,Middle East
Colombia,Aces Colombia,A320,Latin America & Caribbean
Slovenia,Adria Airways,A320,Europe
Greece,Aegean Airlines,A320,Europe
Netherlands,Aercap,A320,Europe
Ireland,Aerdragon Aviation Partners,A320,Europe
Ireland,Aer Lingus,A320,Europe
Russian Federation,Aeroflot Russian Airlines,A320,Europe
"Korea, Republic Of",Aero K,A320,Asia-Pacific
Germany,Aero Lloyd,A320,Europe
United Arab Emirates,Aerospace Trading Holding Limited,A320,Middle East
Singapore,Aerostar Leasing,A320,Asia-Pacific
Ireland,Aerventure,A320,Europe
Libya,Afriqiyah Airways,A320,Africa
United Arab Emirates,Air Arabia,A320,Middle East
Malaysia,Airasia,A320,Asia-Pacific
Kazakhstan,Air Astana,A320,Europe
Germany,Air Berlin,A320,Europe
Pakistan,Airblue,A320,Asia-Pacific
Egypt,Air Cairo,A320,Africa
New Caledonia,Aircalin,A320,Asia-Pacific
Canada,Air Canada,A320,North America
China,Air China,A320,Asia-Pacific
China,Air China Zhejiang Company,A320,Asia-Pacific
Cã”Te D'Ivoire,Air Cote D'Ivoire,A320,Africa
Ireland,Aircraft Purchase Fleet,A320,Europe
India,Air Deccan,A320,Asia-Pacific
France,Air France,A320,Europe
France,Air Inter,A320,Europe
Jamaica,Air Jamaica,A320,Latin America & Caribbean
United States,Air Lease Corporation,A320,North America
Malta,Air Malta,A320,Europe
New Zealand,Air New Zealand,A320,Asia-Pacific
Italy,Air One,A320,Europe
Kuwait,Alafco,A320,Middle East
Italy,Alitalia,A320,Europe
United States,Allegiant Air,A320,North America
Japan,All Nippon Airways,A320,Asia-Pacific
Switzerland,Alphastream,A320,Europe
Kuwait,Al Sahaab Aircraft Leasing,A320,Middle East
United States,America West Airlines,A320,North America
Australia,Ansett Australia Ltd,A320,Asia-Pacific
"Korea, Republic Of",Asiana Airlines,A320,Asia-Pacific
Philippines,Asiawide,A320,Asia-Pacific
Faroe Islands,Atlantic Airways,A320,Europe
Austria,Austrian Airlines,A320,Europe
Colombia,Avianca,A320,Latin America & Caribbean
El Salvador,Avianca El Salvador,A320,Latin America & Caribbean
United Kingdom,Avianca Group International Limited,A320,Europe
United States,Aviation Capital Group,A320,North America
Ireland,Avolon,A320,Europe
Ireland,Awas,A320,Europe
Australia,Bbam Aircraft Management Lp,A320,Asia-Pacific
China,Beijing Capital Airlines,A320,Asia-Pacific
United Kingdom,Bmi,A320,Europe
Singapore,Boc Aviation,A320,Asia-Pacific
China,Bocomm Leasing,A320,Asia-Pacific
United States,Boullioun,A320,North America
United Kingdom,British Airways,A320,Europe
China,Calc,A320,Asia-Pacific
Canada,Canadian Airlines International,A320,North America
Hong Kong,Cathay Dragon,A320,Asia-Pacific
China,Cdb Leasing,A320,Asia-Pacific
Philippines,Cebu Pacific,A320,Asia-Pacific
China,Chengdu Airlines,A320,Asia-Pacific
China,China Eastern Airlines,A320,Asia-Pacific
China,China Eastern Xibei Airlines,A320,Asia-Pacific
China,China Express Airlines (Huaxia Airlines),A320,Asia-Pacific
China,China Southern Airlines,A320,Asia-Pacific
Ireland,Cit Leasing,A320,Europe
Germany,Condor Berlin,A320,Europe
Croatia,Croatia Airlines,A320,Europe
Czech Republic,Csa - Czech Airlines,A320,Europe
Cyprus,Cyprus Airways Old,A320,Europe
United Kingdom,Easyjet,A320,Europe
Switzerland,Edelweiss Air,A320,Europe
Egypt,Egyptair,A320,Africa
United Arab Emirates,Etihad Airways,A320,Middle East
Finland,Finnair,A320,Europe
United Kingdom,First Choice Airways,A320,Europe
Switzerland,Flightlease,A320,Europe
United States,Frontier Airlines,A320,North America
Indonesia,Garuda Indonesia,A320,Asia-Pacific
Switzerland,Gatx Flightlease,A320,Europe
United Kingdom,Gb Airways,A320,Europe
Singapore,Global Aircraft Trading,A320,Asia-Pacific
India,Go First,A320,Asia-Pacific
Ireland,Gpa Airbus Ltd,A320,Europe
Bahamas,Grupo Taca,A320,Latin America & Caribbean
Bahrain,Gulf Air,A320,Middle East
China,Hainan Airlines,A320,Asia-Pacific
Hong Kong,Hong Kong Airlines,A320,Asia-Pacific
Spain,Iberia,A320,Europe
China,Icbc,A320,Asia-Pacific
United States,Ilfc,A320,North America
India,Indigo,A320,Asia-Pacific
Mexico,Interjet,A320,Latin America & Caribbean
United Arab Emirates,International Airfinancecorporation,A320,Middle East
United Arab Emirates,International Aviation Investments Trading L,A320,Middle East
Israel,Israir,A320,Middle East
United States,Jackson Square Aviation,A320,North America
Kuwait,Jazeera Airways,A320,Middle East
United States,Jetblue Airways,A320,North America
Chile,Jetsmart,A320,Latin America & Caribbean
China,Juneyao Airlines,A320,Asia-Pacific
Japan,Kawasaki Leasing International,A320,Asia-Pacific
India,Kingfisher Airlines,A320,Asia-Pacific
Kuwait,Kuwait Airways,A320,Middle East
Lao People'S Democratic Republic,Lao Airlines,A320,Asia-Pacific
Brazil,Latam Airlines Brasil,A320,Latin America & Caribbean
Chile,Latam Airlines Group,A320,Latin America & Caribbean
Libya,Libyan Airlines,A320,Africa
Indonesia,Lion Air,A320,Asia-Pacific
China,Loong Air,A320,Asia-Pacific
Egypt,Lotus Air,A320,Africa
Germany,Ltu,A320,Europe
Germany,Lufthansa,A320,Europe
United States,Macquarie Aircraft Leasing Ltd,A320,North America
Mexico,Mexicana,A320,Latin America & Caribbean
Lebanon,Middle East Airlines,A320,Middle East
United Kingdom,Monarch Airlines,A320,Europe
India,Nacil - Indian Airlines,A320,Asia-Pacific
United States,Nas Aviation Services,A320,North America
Nepal,Nepal Airlines,A320,Asia-Pacific
Austria,Niki,A320,Europe
United States,Northwest Airlines,A320,North America
Tunisia,Nouvelair,A320,Africa
Spain,Orbest Orizonia,A320,Europe
Japan,Orix Corporation,A320,Asia-Pacific
Viet Nam,Pacific Airlines,A320,Asia-Pacific
Japan,Peach,A320,Asia-Pacific
Philippines,Philippine Airlines,A320,Asia-Pacific
Australia,Qantas Airways,A320,Asia-Pacific
Qatar,Qatar Airways,A320,Middle East
China,Qingdao Airlines,A320,Asia-Pacific
Jordan,Royal Jordanian,A320,Middle East
Belgium,Sabena,A320,Europe
Saudi Arabia,Saudia,A320,Middle East
Saudi Arabia,Saudigulf Airlines,A320,Middle East
Singapore,Scoot,A320,Asia-Pacific
China,Shenzhen Airlines,A320,Asia-Pacific
Egypt,Shorouk Air,A320,Africa
China,Sichuan Airlines,A320,Asia-Pacific
Singapore,Silkair,A320,Asia-Pacific
Ireland,Smbc Aviation Capital,A320,Europe
South Africa,South African Airways,A320,Africa
Spain,Spanair,A320,Europe
United States,Spirit Airlines,A320,North America
China,Spring Airlines,A320,Asia-Pacific
Sri Lanka,Srilankan Airlines,A320,Asia-Pacific
Japan,Star Flyer,A320,Asia-Pacific
Sudan,Sudan Airways,A320,Africa
Denmark,Sunclass Airlines,A320,Europe
Switzerland,Swiss,A320,Europe
Switzerland,Swissair,A320,Europe
Brazil,Synergy Aerospace Corporation,A320,Latin America & Caribbean
Syrian Arab Republic,Syrianair,A320,Middle East
Portugal,Tap Air Portugal,A320,Europe
Thailand,Thai Airways,A320,Asia-Pacific
Germany,Thomas Cook Ag,A320,Europe
Bermuda,Three Twenty Holdings,A320,Latin America & Caribbean
China,Tibet Airlines,A320,Asia-Pacific
Australia,Tigerair Australia,A320,Asia-Pacific
"Taiwan, Republic Of China",Transasia Airways,A320,Asia-Pacific
Tunisia,Tunisair,A320,Africa
Turkey,Turkish Airlines,A320,Europe
United States,United Airlines,A320,North America
United States,Us Airways,A320,North America
Uzbekistan,Uzbekistan Airways,A320,Europe
Viet Nam,Vietjet Air,A320,Asia-Pacific
United States,Virgin America,A320,North America
Mexico,Viva Aerobus,A320,Latin America & Caribbean
Colombia,Viva Air Colombia,A320,Latin America & Caribbean
Mexico,Volaris,A320,Latin America & Caribbean
Spain,Vueling,A320,Europe
Hungary,Wizz Air,A320,Europe
Yemen,Yemenia,A320,Middle East
Greece,Aegean Airlines,A320,Europe
Ireland,Aer Lingus,A320,Europe
Timor-Leste,Aero Dili,A320,Asia-Pacific
Russian Federation,Aeroflot Russian Airlines,A320,Europe
"Korea, Republic Of",Aero K,A320,Asia-Pacific
Kyrgyzstan,Aero Nomad,A320,Europe
"Germany	",Aerro Direkt,A320,Europe
Libya,Afriqiyah Airways,A320,Africa
Albania,Air Albania,A320,Europe
United Arab Emirates,Air Arabia,A320,Middle East
United Arab Emirates,Air Arabia Abu Dhabi,A320,Middle East
Egypt,Air Arabia Egypt,A320,Africa
Jordan,Air Arabia Jordan,A320,Middle East
Morocco,Air Arabia Maroc,A320,Africa
Malaysia,Airasia,A320,Asia-Pacific
Kazakhstan,Air Astana,A320,Europe
Pakistan,Airblue,A320,Asia-Pacific
"Korea, Republic Of",Air Busan,A320,Asia-Pacific
Egypt,Air Cairo,A320,Africa
Canada,Air Canada,A320,North America
China,Air China,A320,Asia-Pacific
France,Air Corsica,A320,Europe
Cã”Te D'Ivoire,Air Cote D'Ivoire,A320,Africa
France,Air France,A320,Europe
China,Air Guilin,A320,Asia-Pacific
Malta,Airhub Airlines,A320,Europe
India,Air India,A320,Asia-Pacific
Macao,Air Macau,A320,Asia-Pacific
Malta,Air Malta,A320,Europe
Moldova,Air Moldova,A320,Europe
New Zealand,Air New Zealand,A320,Asia-Pacific
Serbia,Air Serbia,A320,Europe
Pakistan,Air Sial,A320,Asia-Pacific
China,Air Travel,A320,Asia-Pacific
India,Aix Connect,A320,Asia-Pacific
United States,Alaska Airlines,A320,North America
United States,Allegiant Air,A320,North America
Egypt,Almasria Universal Airlines,A320,Africa
Egypt,Amc Airlines,A320,Africa
United States,American Airlines,A320,North America
Romania,Animawings,A320,Europe
Aruba,Aruba Airlines,A320,Latin America & Caribbean
"Korea, Republic Of",Asiana Airlines,A320,Asia-Pacific
"Iran, Islamic Republic Of",Ata Airlines,A320,Middle East
Faroe Islands,Atlantic Airways,A320,Europe
Austria,Austrian Airlines,A320,Europe
Colombia,Avianca,A320,Latin America & Caribbean
Ecuador,Avianca Ecuador,A320,Latin America & Caribbean
El Salvador,Avianca El Salvador,A320,Latin America & Caribbean
Kyrgyzstan,Avia Traffic Company,A320,Europe
Lithuania,Avion Express,A320,Europe
Malta,Avion Express Malta,A320,Europe
Azerbaijan,Azerbaijan Airlines,A320,Europe
Portugal,Azores Airlines,A320,Europe
Viet Nam,Bamboo Airways,A320,Asia-Pacific
Thailand,Bangkok Airways,A320,Asia-Pacific
Cambodia,Bassaka Air,A320,Asia-Pacific
Indonesia,Batik Air,A320,Asia-Pacific
China,Beijing Capital Airlines,A320,Asia-Pacific
Kazakhstan,Berkut,A320,Europe
Libya,Berniq Airways,A320,Africa
Bulgaria,Bh Air,A320,Europe
United Kingdom,British Airways,A320,Europe
Belgium,Brussels Airlines,A320,Europe
Bulgaria,Bul Air,A320,Europe
Bulgaria,Bulgaria Air,A320,Europe
Cambodia,Cambodia Airways,A320,Asia-Pacific
Cambodia,Cambodia Angkor Air,A320,Asia-Pacific
Hong Kong,Cathay Dragon,A320,Asia-Pacific
Philippines,Cebu Pacific,A320,Asia-Pacific
Switzerland,Chair Airlines,A320,Europe
Syrian Arab Republic,Cham Wings Airlines,A320,Middle East
China,Chengdu Airlines,A320,Asia-Pacific
China,China Eastern Airlines,A320,Asia-Pacific
China,China Express Airlines (Huaxia Airlines),A320,Asia-Pacific
China,China Southern Airlines,A320,Asia-Pacific
China,Chongqing Airlines,A320,Asia-Pacific
Indonesia,Citilink,A320,Asia-Pacific
Germany,Condor,A320,Europe
"Congo, The Democratic Republic",Congo Airways,A320,Africa
Croatia,Croatia Airlines,A320,Europe
Libya,Crown Airlines,A320,Africa
Czech Republic,Csa - Czech Airlines,A320,Europe
Cyprus,Cyprus Airways,A320,Europe
Romania,Dan Air,A320,Europe
Lithuania,Dat Lt,A320,Europe
United States,Delta Air Lines,A320,North America
United Kingdom,Easyjet,A320,Europe
Switzerland,Edelweiss Air,A320,Europe
Egypt,Egyptair,A320,Africa
Bulgaria,Electra Airways,A320,Europe
United Arab Emirates,Etihad Airways,A320,Middle East
Bulgaria,European Air Charter,A320,Europe
Germany,Eurowings,A320,Europe
Germany,Eurowings Discover,A320,Europe
Austria,Eurowings Europe,A320,Europe
Malta,Eurowings Europe Malta,A320,Europe
Finland,Finnair,A320,Europe
Sri Lanka,Fits Aviation,A320,Asia-Pacific
Bulgaria,Fly2Sky,A320,Europe
Saudi Arabia,Flyadeal,A320,Middle East
Croatia,Fly Air 41 Airways,A320,Europe
Armenia,Fly Arna,A320,Europe
"Congo, The Democratic Republic",Flycaa Compagnie Africaine D'Aviation,A320,Africa
Pakistan,Fly Jinnah,A320,Asia-Pacific
Romania,Fly Lili,A320,Europe
Saudi Arabia,Flynas,A320,Middle East
Moldova,Flyone,A320,Europe
Romania,Fly One Airlines,A320,Europe
Turkey,Freebird Airlines,A320,Europe
Malta,Freebird Europe,A320,Europe
Kenya,Freedom Airline Express,A320,Africa
United States,Frontier Airlines,A320,North America
Germany,Germanwings,A320,Europe
Lithuania,Getjet Airlines,A320,Europe
Latvia,Getjet Airlines Latvia,A320,Europe
South Africa,Global Airways,A320,Africa
United States,Global Crossing Airlines,A320,North America
India,Go First,A320,Asia-Pacific
Spain,Gowair,A320,Europe
China,Guangxi Beibu Gulf Airlines,A320,Asia-Pacific
Bahrain,Gulf Air,A320,Middle East
Lithuania,Heston Airlines,A320,Europe
Nepal,Himalaya Airlines,A320,Asia-Pacific
Romania,Hisky Europe,A320,Europe
Hong Kong,Hk Express,A320,Asia-Pacific
Hong Kong,Hong Kong Airlines,A320,Asia-Pacific
Spain,Iberia,A320,Europe
Spain,Iberia Express,A320,Europe
Spain,Iberojet,A320,Europe
India,Indigo,A320,Asia-Pacific
"Iran, Islamic Republic Of",Iran Air,A320,Middle East
"Iran, Islamic Republic Of",Iran Air Tours,A320,Middle East
"Iran, Islamic Republic Of",Iran Aseman Airline,A320,Middle East
Iraq,Iraqi Airways,A320,Middle East
Israel,Israir,A320,Middle East
Italy,Ita Airways,A320,Europe
Brazil,Itapemirim Transportes Aereos,A320,Latin America & Caribbean
Kuwait,Jazeera Airways,A320,Middle East
Cambodia,Jc (Cambodia) International Airlines,A320,Asia-Pacific
United States,Jetblue Airways,A320,North America
Canada,Jetlines,A320,North America
Chile,Jetsmart,A320,Latin America & Caribbean
Argentina,Jetsmart Argentina,A320,Latin America & Caribbean
Australia,Jetstar Airways,A320,Asia-Pacific
Singapore,Jetstar Asia,A320,Asia-Pacific
Japan,Jetstar Japan,A320,Asia-Pacific
Jordan,Jordan Aviation,A320,Middle East
China,Juneyao Airlines,A320,Asia-Pacific
Kuwait,Kuwait Airways,A320,Middle East
Cambodia,Lanmei Airlines,A320,Asia-Pacific
Lao People'S Democratic Republic,Lao Airlines,A320,Asia-Pacific
Chile,Latam Airlines Group,A320,Latin America & Caribbean
Malta,Lauda Europe,A320,Europe
Germany,Leav Aviation,A320,Europe
Libya,Libyan Airlines,A320,Africa
China,Longjiang Airlines,A320,Asia-Pacific
China,Loong Air,A320,Asia-Pacific
China,Lucky Air,A320,Asia-Pacific
Germany,Lufthansa,A320,Europe
Maldives,Maldivian,A320,Asia-Pacific
Malta,Malta Medair,A320,Europe
Libya,Medsky Airways,A320,Africa
"Iran, Islamic Republic Of",Meraj Air,A320,Middle East
Russian Federation,Meridian Air Company,A320,Europe
Lebanon,Middle East Airlines,A320,Middle East
Mongolia,Mongolian Airways International,A320,Asia-Pacific
Malaysia,Myairline,A320,Asia-Pacific
Myanmar,Myanmar Airways International,A320,Asia-Pacific
Nepal,Nepal Airlines,A320,Asia-Pacific
Egypt,Nesma Airlines,A320,Africa
Australia,Network Aviation Australia,A320,Asia-Pacific
Egypt,Nile Air,A320,Africa
Estonia,Nordica,A320,Europe
Tunisia,Nouvelair,A320,Africa
Greece,Olympus Airways,A320,Europe
Turkey,Onur Air,A320,Europe
Viet Nam,Pacific Airlines,A320,Asia-Pacific
Pakistan,Pakistan International Airlines,A320,Asia-Pacific
Philippines,Pal Express,A320,Asia-Pacific
Uzbekistan,Panorama Airways,A320,Europe
Philippines,Pan Pacific Airlines,A320,Asia-Pacific
Japan,Peach,A320,Asia-Pacific
Turkey,Pegasus Airlines,A320,Europe
Indonesia,Pelita Air Service,A320,Asia-Pacific
India,Pradhaan Air Express,A320,Asia-Pacific
Uzbekistan,Qanot Sharq,A320,Europe
Qatar,Qatar Airways,A320,Middle East
"Iran, Islamic Republic Of",Qeshm Air,A320,Middle East
China,Qingdao Airlines,A320,Asia-Pacific
Libya,Rahila Air,A320,Africa
Russian Federation,Red Wings Airlines,A320,Europe
Russian Federation,Rossiya Airlines,A320,Europe
Philippines,Royal Air Philippines,A320,Asia-Pacific
Brunei Darussalam,Royal Brunei Airlines,A320,Asia-Pacific
Jordan,Royal Jordanian,A320,Middle East
Russian Federation,S7 Airlines,A320,Europe
Afghanistan,Safi Airways,A320,Asia-Pacific
Sweden,Sas,A320,Europe
Saudi Arabia,Saudia,A320,Middle East
Singapore,Scoot,A320,Asia-Pacific
China,Shenzhen Airlines,A320,Asia-Pacific
China,Sichuan Airlines,A320,Asia-Pacific
Cambodia,Sky Angkor Airlines,A320,Asia-Pacific
Dominican Republic,Sky Cana,A320,Latin America & Caribbean
Greece,Sky Express,A320,Europe
Egypt,Sky Vision Airlines,A320,Africa
Latvia,Smartlynx Airlines,A320,Europe
Estonia,Smartlynx Airlines Estonia,A320,Europe
Malta,Smartlynx Airlines Malta,A320,Europe
Solomon Islands,Solomon Airlines,A320,Asia-Pacific
South Africa,South African Airways,A320,Africa
United States,Spirit Airlines,A320,North America
China,Spring Airlines,A320,Asia-Pacific
Sri Lanka,Srilankan Airlines,A320,Asia-Pacific
Romania,Star East Airlines,A320,Europe
Japan,Star Flyer,A320,Asia-Pacific
Gambia,Su Airlines,A320,Africa
Sudan,Sudan Airways,A320,Africa
Germany,Sundair,A320,Europe
Indonesia,Super Air Jet,A320,Asia-Pacific
Switzerland,Swiss,A320,Europe
Syrian Arab Republic,Syrianair,A320,Middle East
Portugal,Tap Air Portugal,A320,Europe
Thailand,Thai Smile,A320,Asia-Pacific
China,Tianjin Airlines,A320,Asia-Pacific
China,Tibet Airlines,A320,Asia-Pacific
"Taiwan, Republic Of China",Tigerair Taiwan,A320,Asia-Pacific
United Kingdom,Titan Airways,A320,Europe
Croatia,Trade Air,A320,Europe
Indonesia,Transnusa Air Services,A320,Asia-Pacific
Tunisia,Tunisair,A320,Africa
Turkey,Turkish Airlines,A320,Europe
Cyprus,Tus Airways,A320,Europe
Colombia,Ultra Air,A320,Latin America & Caribbean
United States,United Airlines,A320,North America
Russian Federation,Ural Airlines,A320,Europe
Uzbekistan,Uzbekistan Airways,A320,Europe
Viet Nam,Vietjet Air,A320,Asia-Pacific
Australia,Virgin Australia Regional Airlines,A320,Asia-Pacific
India,Vistara,A320,Asia-Pacific
Mexico,Viva Aerobus,A320,Latin America & Caribbean
Colombia,Viva Air Colombia,A320,Latin America & Caribbean
Mexico,Volaris,A320,Latin America & Caribbean
Spain,Volotea,A320,Europe
Spain,Vueling,A320,Europe
China,West Air,A320,Asia-Pacific
Portugal,White Airways,A320,Europe
Ukraine,Windrose Airlines,A320,Europe
Hungary,Wizz Air,A320,Europe
Russian Federation,Yamal Airlines,A320,Europe
Yemen,Yemenia,A320,Middle East
"Iran, Islamic Republic Of",Zagros Airlines,A320,Middle East
Ireland,Accipiter,A320neo,Europe
Greece,Aegean Airlines,A320neo,Europe
Netherlands,Aercap,A320neo,Europe
Ireland,Aer Lingus,A320neo,Europe
United Arab Emirates,Air Arabia,A320neo,Middle East
Malaysia,Airasia,A320neo,Asia-Pacific
New Caledonia,Aircalin,A320neo,Asia-Pacific
China,Air China,A320neo,Asia-Pacific
Cã”Te D'Ivoire,Air Cote D'Ivoire,A320neo,Africa
United States,Air Lease Corporation,A320neo,North America
New Zealand,Air New Zealand,A320neo,Asia-Pacific
Kuwait,Alafco,A320neo,Middle East
Japan,Ana Holdings,A320neo,Asia-Pacific
Ireland,Arctic Aviation Assets Dac,A320neo,Europe
Faroe Islands,Atlantic Airways,A320neo,Europe
Colombia,Avianca,A320neo,Latin America & Caribbean
United Kingdom,Avianca Group International Limited,A320neo,Europe
United States,Aviation Capital Group,A320neo,North America
Ireland,Avolon,A320neo,Europe
Brazil,Azul Finance Llc,A320neo,Latin America & Caribbean
Singapore,Boc Aviation,A320neo,Asia-Pacific
China,Bocomm Leasing,A320neo,Asia-Pacific
United Kingdom,British Airways,A320neo,Europe
China,Calc,A320neo,Asia-Pacific
China,Cdb Leasing,A320neo,Asia-Pacific
Philippines,Cebu Pacific,A320neo,Asia-Pacific
China,Chengdu Airlines,A320neo,Asia-Pacific
China,China Eastern Airlines,A320neo,Asia-Pacific
China,China Express Airlines (Huaxia Airlines),A320neo,Asia-Pacific
China,China Southern Airlines,A320neo,Asia-Pacific
Indonesia,Citilink,A320neo,Asia-Pacific
Ireland,Cit Leasing,A320neo,Europe
China,Cmb Financial Leasing,A320neo,Asia-Pacific
Germany,Condor,A320neo,Europe
United Arab Emirates,Dae Capital,A320neo,Middle East
Bhutan,Druk Air,A320neo,Asia-Pacific
United Kingdom,Easyjet,A320neo,Europe
Saudi Arabia,Flynas,A320neo,Middle East
United States,Frontier Airlines,A320neo,North America
Indonesia,Garuda Indonesia,A320neo,Asia-Pacific
India,Go First,A320neo,Asia-Pacific
Ireland,Goshawk Aviation,A320neo,Europe
Bahrain,Gulf Air,A320neo,Middle East
Spain,Iberia,A320neo,Europe
China,Icbc,A320neo,Asia-Pacific
India,Indigo,A320neo,Asia-Pacific
Mexico,Interjet,A320neo,Latin America & Caribbean
United Kingdom,International Airlines Group - Iag,A320neo,Europe
"Iran, Islamic Republic Of",Iran Air,A320neo,Middle East
Italy,Ita Airways,A320neo,Europe
Kuwait,Jazeera Airways,A320neo,Middle East
United Kingdom,Jet2.Plc,A320neo,Europe
Chile,Jetsmart,A320neo,Latin America & Caribbean
China,Juneyao Airlines,A320neo,Asia-Pacific
Kuwait,Kuwait Airways,A320neo,Middle East
Chile,Latam Airlines Group,A320neo,Latin America & Caribbean
Indonesia,Lion Air,A320neo,Asia-Pacific
China,Loong Air,A320neo,Asia-Pacific
Germany,Lufthansa,A320neo,Europe
Australia,Macquarie Financial Holdings Pty Limited,A320neo,Asia-Pacific
Malta,Malta Medair,A320neo,Europe
United States,Nas Aviation Services,A320neo,North America
Japan,Peach,A320neo,Asia-Pacific
Turkey,Pegasus Airlines,A320neo,Europe
Australia,Qantas Airways,A320neo,Asia-Pacific
China,Qingdao Airlines,A320neo,Asia-Pacific
Brunei Darussalam,Royal Brunei Airlines,A320neo,Asia-Pacific
Oman,Salam Air,A320neo,Middle East
Sweden,Sas,A320neo,Europe
Saudi Arabia,Saudia,A320neo,Middle East
Saudi Arabia,Saudigulf Airlines,A320neo,Middle East
Singapore,Scoot,A320neo,Asia-Pacific
China,Shenzhen Airlines,A320neo,Asia-Pacific
China,Sichuan Airlines,A320neo,Asia-Pacific
Greece,Sky Express,A320neo,Europe
Greece,Skyserv,A320neo,Europe
Ireland,Smbc Aviation Capital,A320neo,Europe
United States,Spirit Airlines,A320neo,North America
China,Spring Airlines,A320neo,Asia-Pacific
Switzerland,Swiss,A320neo,Europe
Portugal,Tap Air Portugal,A320neo,Europe
"Taiwan, Republic Of China",Tigerair Taiwan,A320neo,Asia-Pacific
Ireland,Timaero Ireland,A320neo,Europe
Tunisia,Tunisair,A320neo,Africa
Uzbekistan,Uzbekistan Airways,A320neo,Europe
India,Vistara,A320neo,Asia-Pacific
Mexico,Viva Aerobus,A320neo,Latin America & Caribbean
Colombia,Viva Air,A320neo,Latin America & Caribbean
Mexico,Volaris,A320neo,Latin America & Caribbean
Spain,Vueling,A320neo,Europe
Hungary,Wizz Air,A320neo,Europe
China,Xiamen Airlines,A320neo,Asia-Pacific
Yemen,Yemenia,A320neo,Middle East
Netherlands,Aercap,A320,Europe
Malaysia,Airasia,A320,Asia-Pacific
New Caledonia,Aircalin,A320,Asia-Pacific
China,Air China,A320,Asia-Pacific
Cã”Te D'Ivoire,Air Cote D'Ivoire,A320,Africa
United States,Air Lease Corporation,A320,North America
New Zealand,Air New Zealand,A320,Asia-Pacific
Kuwait,Alafco,A320,Middle East
Japan,Ana Holdings,A320,Asia-Pacific
Ireland,Arctic Aviation Assets Dac,A320,Europe
Colombia,Avianca,A320,Latin America & Caribbean
United States,Aviation Capital Group,A320,North America
Ireland,Avolon,A320,Europe
Singapore,Boc Aviation,A320,Asia-Pacific
China,Bocomm Leasing,A320,Asia-Pacific
United Kingdom,British Airways,A320,Europe
China,Calc,A320,Asia-Pacific
China,Cdb Leasing,A320,Asia-Pacific
Philippines,Cebu Pacific,A320,Asia-Pacific
China,Chengdu Airlines,A320,Asia-Pacific
China,China Eastern Airlines,A320,Asia-Pacific
China,China Express Airlines (Huaxia Airlines),A320,Asia-Pacific
China,China Southern Airlines,A320,Asia-Pacific
Ireland,Cit Leasing,A320,Europe
China,Cmb Financial Leasing,A320,Asia-Pacific
United Arab Emirates,Dae Capital,A320,Middle East
Bhutan,Druk Air,A320,Asia-Pacific
United Kingdom,Easyjet,A320,Europe
Saudi Arabia,Flynas,A320,Middle East
United States,Frontier Airlines,A320,North America
Indonesia,Garuda Indonesia,A320,Asia-Pacific
India,Go First,A320,Asia-Pacific
Bahrain,Gulf Air,A320,Middle East
Spain,Iberia,A320,Europe
China,Icbc,A320,Asia-Pacific
India,Indigo,A320,Asia-Pacific
Mexico,Interjet,A320,Latin America & Caribbean
Kuwait,Jazeera Airways,A320,Middle East
Chile,Jetsmart,A320,Latin America & Caribbean
China,Juneyao Airlines,A320,Asia-Pacific
Kuwait,Kuwait Airways,A320,Middle East
Chile,Latam Airlines Group,A320,Latin America & Caribbean
Indonesia,Lion Air,A320,Asia-Pacific
China,Loong Air,A320,Asia-Pacific
Germany,Lufthansa,A320,Europe
United States,Nas Aviation Services,A320,North America
Japan,Peach,A320,Asia-Pacific
Turkey,Pegasus Airlines,A320,Europe
China,Qingdao Airlines,A320,Asia-Pacific
Brunei Darussalam,Royal Brunei Airlines,A320,Asia-Pacific
Oman,Salam Air,A320,Middle East
Sweden,Sas,A320,Europe
Saudi Arabia,Saudia,A320,Middle East
Singapore,Scoot,A320,Asia-Pacific
China,Shenzhen Airlines,A320,Asia-Pacific
China,Sichuan Airlines,A320,Asia-Pacific
Greece,Sky Express,A320,Europe
Greece,Skyserv,A320,Europe
Ireland,Smbc Aviation Capital,A320,Europe
United States,Spirit Airlines,A320,North America
China,Spring Airlines,A320,Asia-Pacific
Switzerland,Swiss,A320,Europe
Portugal,Tap Air Portugal,A320,Europe
Tunisia,Tunisair,A320,Africa
India,Vistara,A320,Asia-Pacific
Mexico,Viva Aerobus,A320,Latin America & Caribbean
Colombia,Viva Air,A320,Latin America & Caribbean
Mexico,Volaris,A320,Latin America & Caribbean
Spain,Vueling,A320,Europe
Hungary,Wizz Air,A320,Europe
Greece,Aegean Airlines,A320,Europe
Ireland,Aer Lingus,A320,Europe
Russian Federation,Aeroflot Russian Airlines,A320,Europe
Malaysia,Airasia,A320,Asia-Pacific
Kazakhstan,Air Astana,A320,Europe
Egypt,Air Cairo,A320,Africa
New Caledonia,Aircalin,A320,Asia-Pacific
China,Air China,A320,Asia-Pacific
France,Air Corsica,A320,Europe
Cã”Te D'Ivoire,Air Cote D'Ivoire,A320,Africa
India,Air India,A320,Asia-Pacific
Macao,Air Macau,A320,Asia-Pacific
Malta,Air Malta,A320,Europe
New Zealand,Air New Zealand,A320,Asia-Pacific
Seychelles,Air Seychelles,A320,Africa
China,Air Travel,A320,Asia-Pacific
India,Aix Connect,A320,Asia-Pacific
Japan,All Nippon Airways,A320,Asia-Pacific
Faroe Islands,Atlantic Airways,A320,Europe
Austria,Austrian Airlines,A320,Europe
Colombia,Avianca,A320,Latin America & Caribbean
El Salvador,Avianca El Salvador,A320,Latin America & Caribbean
Azerbaijan,Azerbaijan Airlines,A320,Europe
Brazil,Azul,A320,Latin America & Caribbean
Viet Nam,Bamboo Airways,A320,Asia-Pacific
Indonesia,Batik Air,A320,Asia-Pacific
China,Beijing Capital Airlines,A320,Asia-Pacific
United Kingdom,British Airways,A320,Europe
Philippines,Cebu Pacific,A320,Asia-Pacific
China,Chengdu Airlines,A320,Asia-Pacific
China,China Eastern Airlines,A320,Asia-Pacific
China,China Express Airlines (Huaxia Airlines),A320,Asia-Pacific
China,China Southern Airlines,A320,Asia-Pacific
China,Chongqing Airlines,A320,Asia-Pacific
Indonesia,Citilink,A320,Asia-Pacific
China,Colorful Guizhou Airlines,A320,Asia-Pacific
Bhutan,Druk Air,A320,Asia-Pacific
United Kingdom,Easyjet,A320,Europe
Egypt,Egyptair,A320,Africa
Germany,Eurowings,A320,Europe
Saudi Arabia,Flyadeal,A320,Middle East
Saudi Arabia,Flynas,A320,Middle East
United States,Frontier Airlines,A320,North America
India,Go First,A320,Asia-Pacific
China,Guangxi Beibu Gulf Airlines,A320,Asia-Pacific
Bahrain,Gulf Air,A320,Middle East
Hong Kong,Hk Express,A320,Asia-Pacific
Spain,Iberia,A320,Europe
India,Indigo,A320,Asia-Pacific
Italy,Ita Airways,A320,Europe
Kuwait,Jazeera Airways,A320,Middle East
India,Jet Airways,A320,Asia-Pacific
Chile,Jetsmart,A320,Latin America & Caribbean
China,Juneyao Airlines,A320,Asia-Pacific
Kuwait,Kuwait Airways,A320,Middle East
Brazil,Latam Airlines Brasil,A320,Latin America & Caribbean
Chile,Latam Airlines Group,A320,Latin America & Caribbean
China,Loong Air,A320,Asia-Pacific
China,Lucky Air,A320,Asia-Pacific
Germany,Lufthansa,A320,Europe
Germany,Lufthansa Cityline,A320,Europe
Japan,Peach,A320,Asia-Pacific
Turkey,Pegasus Airlines,A320,Europe
Iceland,Play,A320,Europe
China,Qingdao Airlines,A320,Asia-Pacific
Brunei Darussalam,Royal Brunei Airlines,A320,Asia-Pacific
Russian Federation,S7 Airlines,A320,Europe
Oman,Salam Air,A320,Middle East
Sweden,Sas,A320,Europe
Singapore,Scoot,A320,Asia-Pacific
China,Shenzhen Airlines,A320,Asia-Pacific
China,Sichuan Airlines,A320,Asia-Pacific
Chile,Sky Airline,A320,Latin America & Caribbean
Greece,Sky Express,A320,Europe
United States,Spirit Airlines,A320,North America
China,Spring Airlines,A320,Asia-Pacific
Sri Lanka,Srilankan Airlines,A320,Asia-Pacific
Switzerland,Swiss,A320,Europe
Portugal,Tap Air Portugal,A320,Europe
China,Tianjin Airlines,A320,Asia-Pacific
"Taiwan, Republic Of China",Tigerair Taiwan,A320,Asia-Pacific
Indonesia,Transnusa Air Services,A320,Asia-Pacific
Tunisia,Tunisair,A320,Africa
Turkey,Turkish Airlines,A320,Europe
Russian Federation,Ural Airlines,A320,Europe
Uzbekistan,Uzbekistan Airways,A320,Europe
India,Vistara,A320,Asia-Pacific
Mexico,Viva Aerobus,A320,Latin America & Caribbean
Colombia,Viva Air Colombia,A320,Latin America & Caribbean
Mexico,Volaris,A320,Latin America & Caribbean
Spain,Vueling,A320,Europe
China,West Air,A320,Asia-Pacific
Hungary,Wizz Air,A320,Europe
Netherlands,Aercap,A321ceo,Europe
Ireland,Aer Lingus,A321ceo,Europe
Russian Federation,Aeroflot Russian Airlines,A321ceo,Europe
Germany,Aero Lloyd,A321ceo,Europe
United Arab Emirates,Aerospace Trading Holding Limited,A321ceo,Middle East
Ireland,Aerventure,A321ceo,Europe
Kazakhstan,Air Astana,A321ceo,Europe
Germany,Air Berlin,A321ceo,Europe
Canada,Air Canada,A321ceo,North America
China,Air China,A321ceo,Asia-Pacific
France,Air France,A321ceo,Europe
France,Air Inter,A321ceo,Europe
United States,Air Lease Corporation,A321ceo,North America
Macao,Air Macau,A321ceo,Asia-Pacific
Italy,Alitalia,A321ceo,Europe
Japan,All Nippon Airways,A321ceo,Asia-Pacific
Switzerland,Alphastream,A321ceo,Europe
United States,American Airlines,A321ceo,North America
Japan,Ana Holdings,A321ceo,Asia-Pacific
"Korea, Republic Of",Asiana Airlines,A321ceo,Asia-Pacific
Austria,Austrian Airlines,A321ceo,Europe
El Salvador,Avianca El Salvador,A321ceo,Latin America & Caribbean
United Kingdom,Avianca Group International Limited,A321ceo,Europe
United States,Aviation Capital Group,A321ceo,North America
Ireland,Avolon,A321ceo,Europe
Ireland,Awas,A321ceo,Europe
United Kingdom,Bmed,A321ceo,Europe
United Kingdom,Bmi,A321ceo,Europe
Singapore,Boc Aviation,A321ceo,Asia-Pacific
China,Bocomm Leasing,A321ceo,Asia-Pacific
United States,Boullioun,A321ceo,North America
United Kingdom,British Airways,A321ceo,Europe
China,Calc,A321ceo,Asia-Pacific
Hong Kong,Cathay Dragon,A321ceo,Asia-Pacific
China,Cdb Leasing,A321ceo,Asia-Pacific
Philippines,Cebu Pacific,A321ceo,Asia-Pacific
China,China Eastern Airlines,A321ceo,Asia-Pacific
China,China Northern Airlines,A321ceo,Asia-Pacific
China,China Southern Airlines,A321ceo,Asia-Pacific
Ireland,Cit Leasing,A321ceo,Europe
China,Cmb Financial Leasing,A321ceo,Asia-Pacific
United States,Delta Air Lines,A321ceo,North America
Egypt,Egyptair,A321ceo,Africa
United Arab Emirates,Etihad Airways,A321ceo,Middle East
Finland,Finnair,A321ceo,Europe
Switzerland,Flightlease,A321ceo,Europe
United States,Frontier Airlines,A321ceo,North America
United Kingdom,Gb Airways,A321ceo,Europe
Germany,Germania,A321ceo,Europe
Singapore,Global Aircraft Trading,A321ceo,Asia-Pacific
Bahrain,Gulf Air,A321ceo,Middle East
Spain,Iberia,A321ceo,Europe
China,Icbc,A321ceo,Asia-Pacific
United States,Ilfc,A321ceo,North America
United Arab Emirates,International Aviation Investments Trading L,A321ceo,Middle East
"Iran, Islamic Republic Of",Iran Air,A321ceo,Middle East
United States,Jetblue Airways,A321ceo,North America
China,Juneyao Airlines,A321ceo,Asia-Pacific
India,Kingfisher Airlines,A321ceo,Asia-Pacific
Brazil,Latam Airlines Brasil,A321ceo,Latin America & Caribbean
Chile,Latam Airlines Group,A321ceo,Latin America & Caribbean
United Kingdom,Leisure International Airways,A321ceo,Europe
Germany,Ltu,A321ceo,Europe
Germany,Lufthansa,A321ceo,Europe
United States,Macquarie Aircraft Leasing Ltd,A321ceo,North America
Lebanon,Middle East Airlines,A321ceo,Middle East
United Kingdom,Monarch Airlines,A321ceo,Europe
United Kingdom,Mytravel Airways,A321ceo,Europe
India,Nacil - Indian Airlines,A321ceo,Asia-Pacific
United States,Nas Aviation Services,A321ceo,North America
Austria,Niki,A321ceo,Europe
Turkey,Onur Air,A321ceo,Europe
Philippines,Philippine Airlines,A321ceo,Asia-Pacific
Australia,Qantas Airways,A321ceo,Asia-Pacific
Qatar,Qatar Airways,A321ceo,Middle East
Morocco,Royal Air Maroc,A321ceo,Africa
Belgium,Sabena,A321ceo,Europe
Sweden,Sas,A321ceo,Europe
Saudi Arabia,Saudia,A321ceo,Middle East
China,Shanghai Airlines,A321ceo,Asia-Pacific
China,Sichuan Airlines,A321ceo,Asia-Pacific
Ireland,Smbc Aviation Capital,A321ceo,Europe
Spain,Spanair,A321ceo,Europe
United States,Spirit Airlines,A321ceo,North America
Denmark,Sunclass Airlines,A321ceo,Europe
Switzerland,Swiss,A321ceo,Europe
Switzerland,Swissair,A321ceo,Europe
Portugal,Tap Air Portugal,A321ceo,Europe
"Taiwan, Republic Of China",Transasia Airways,A321ceo,Asia-Pacific
Turkey,Turkish Airlines,A321ceo,Europe
United States,Us Airways,A321ceo,North America
Russian Federation,Utair Aviation,A321ceo,Europe
Viet Nam,Vietjet Air,A321ceo,Asia-Pacific
Viet Nam,Vietnam Aircraft Leasing Company,A321ceo,Asia-Pacific
Viet Nam,Vietnam Airlines,A321ceo,Asia-Pacific
Spain,Vueling,A321ceo,Europe
Hungary,Wizz Air,A321ceo,Europe
Iceland,Wow Air,A321ceo,Europe
Netherlands,Aercap,A321,Europe
Ireland,Aer Lingus,A321,Europe
Russian Federation,Aeroflot Russian Airlines,A321,Europe
Germany,Aero Lloyd,A321,Europe
United Arab Emirates,Aerospace Trading Holding Limited,A321,Middle East
Ireland,Aerventure,A321,Europe
Kazakhstan,Air Astana,A321,Europe
Germany,Air Berlin,A321,Europe
Canada,Air Canada,A321,North America
China,Air China,A321,Asia-Pacific
France,Air France,A321,Europe
France,Air Inter,A321,Europe
United States,Air Lease Corporation,A321,North America
Macao,Air Macau,A321,Asia-Pacific
Italy,Alitalia,A321,Europe
Japan,All Nippon Airways,A321,Asia-Pacific
Switzerland,Alphastream,A321,Europe
United States,American Airlines,A321,North America
Japan,Ana Holdings,A321,Asia-Pacific
"Korea, Republic Of",Asiana Airlines,A321,Asia-Pacific
Austria,Austrian Airlines,A321,Europe
El Salvador,Avianca El Salvador,A321,Latin America & Caribbean
United Kingdom,Avianca Group International Limited,A321,Europe
United States,Aviation Capital Group,A321,North America
Ireland,Avolon,A321,Europe
Ireland,Awas,A321,Europe
United Kingdom,Bmed,A321,Europe
United Kingdom,Bmi,A321,Europe
Singapore,Boc Aviation,A321,Asia-Pacific
China,Bocomm Leasing,A321,Asia-Pacific
United States,Boullioun,A321,North America
United Kingdom,British Airways,A321,Europe
China,Calc,A321,Asia-Pacific
Hong Kong,Cathay Dragon,A321,Asia-Pacific
China,Cdb Leasing,A321,Asia-Pacific
Philippines,Cebu Pacific,A321,Asia-Pacific
China,China Eastern Airlines,A321,Asia-Pacific
China,China Northern Airlines,A321,Asia-Pacific
China,China Southern Airlines,A321,Asia-Pacific
Ireland,Cit Leasing,A321,Europe
China,Cmb Financial Leasing,A321,Asia-Pacific
United States,Delta Air Lines,A321,North America
Egypt,Egyptair,A321,Africa
United Arab Emirates,Etihad Airways,A321,Middle East
Finland,Finnair,A321,Europe
Switzerland,Flightlease,A321,Europe
United States,Frontier Airlines,A321,North America
United Kingdom,Gb Airways,A321,Europe
Germany,Germania,A321,Europe
Singapore,Global Aircraft Trading,A321,Asia-Pacific
Bahrain,Gulf Air,A321,Middle East
Spain,Iberia,A321,Europe
China,Icbc,A321,Asia-Pacific
United States,Ilfc,A321,North America
United Arab Emirates,International Aviation Investments Trading L,A321,Middle East
"Iran, Islamic Republic Of",Iran Air,A321,Middle East
United States,Jetblue Airways,A321,North America
China,Juneyao Airlines,A321,Asia-Pacific
India,Kingfisher Airlines,A321,Asia-Pacific
Brazil,Latam Airlines Brasil,A321,Latin America & Caribbean
Chile,Latam Airlines Group,A321,Latin America & Caribbean
United Kingdom,Leisure International Airways,A321,Europe
Germany,Ltu,A321,Europe
Germany,Lufthansa,A321,Europe
United States,Macquarie Aircraft Leasing Ltd,A321,North America
Lebanon,Middle East Airlines,A321,Middle East
United Kingdom,Monarch Airlines,A321,Europe
United Kingdom,Mytravel Airways,A321,Europe
India,Nacil - Indian Airlines,A321,Asia-Pacific
United States,Nas Aviation Services,A321,North America
Austria,Niki,A321,Europe
Turkey,Onur Air,A321,Europe
Philippines,Philippine Airlines,A321,Asia-Pacific
Australia,Qantas Airways,A321,Asia-Pacific
Qatar,Qatar Airways,A321,Middle East
Morocco,Royal Air Maroc,A321,Africa
Belgium,Sabena,A321,Europe
Sweden,Sas,A321,Europe
Saudi Arabia,Saudia,A321,Middle East
China,Shanghai Airlines,A321,Asia-Pacific
China,Sichuan Airlines,A321,Asia-Pacific
Ireland,Smbc Aviation Capital,A321,Europe
Spain,Spanair,A321,Europe
United States,Spirit Airlines,A321,North America
Denmark,Sunclass Airlines,A321,Europe
Switzerland,Swiss,A321,Europe
Switzerland,Swissair,A321,Europe
Portugal,Tap Air Portugal,A321,Europe
"Taiwan, Republic Of China",Transasia Airways,A321,Asia-Pacific
Turkey,Turkish Airlines,A321,Europe
United States,Us Airways,A321,North America
Russian Federation,Utair Aviation,A321,Europe
Viet Nam,Vietjet Air,A321,Asia-Pacific
Viet Nam,Vietnam Aircraft Leasing Company,A321,Asia-Pacific
Viet Nam,Vietnam Airlines,A321,Asia-Pacific
Spain,Vueling,A321,Europe
Hungary,Wizz Air,A321,Europe
Iceland,Wow Air,A321,Europe
Greece,Aegean Airlines,A321,Europe
Russian Federation,Aeroflot Russian Airlines,A321,Europe
"Germany	",Aerro Direkt,A321,Europe
United Arab Emirates,Air Arabia,A321,Middle East
Malaysia,Airasia,A321,Asia-Pacific
Kazakhstan,Air Astana,A321,Europe
Pakistan,Airblue,A321,Asia-Pacific
"Korea, Republic Of",Air Busan,A321,Asia-Pacific
Canada,Air Canada,A321,North America
China,Air China,A321,Asia-Pacific
France,Air France,A321,Europe
India,Air India,A321,Asia-Pacific
Macao,Air Macau,A321,Asia-Pacific
Moldova,Air Moldova,A321,Europe
Senegal,Air Senegal,A321,Africa
"Korea, Republic Of",Air Seoul,A321,Asia-Pacific
Canada,Air Transat,A321,North America
China,Air Travel,A321,Asia-Pacific
Japan,All Nippon Airways,A321,Asia-Pacific
Egypt,Almasria Universal Airlines,A321,Africa
United States,American Airlines,A321,North America
Armenia,Armenian Airlines,A321,Europe
Aruba,Aruba Airlines,A321,Latin America & Caribbean
"Korea, Republic Of",Asiana Airlines,A321,Asia-Pacific
Ireland,Asl Airlines,A321,Europe
Austria,Austrian Airlines,A321,Europe
El Salvador,Avianca El Salvador,A321,Latin America & Caribbean
Malta,Avion Express Malta,A321,Europe
Viet Nam,Bamboo Airways,A321,Asia-Pacific
Turkey,Bbn Airlines,A321,Europe
China,Beijing Capital Airlines,A321,Asia-Pacific
Kazakhstan,Berkut,A321,Europe
United Kingdom,British Airways,A321,Europe
Cambodia,Cambodia Angkor Air,A321,Asia-Pacific
Hong Kong,Cathay Pacific,A321,Asia-Pacific
Philippines,Cebu Pacific,A321,Asia-Pacific
China,China Eastern Airlines,A321,Asia-Pacific
China,China Southern Airlines,A321,Asia-Pacific
Germany,Condor,A321,Europe
Lithuania,Dat Lt,A321,Europe
United States,Delta Air Lines,A321,North America
Egypt,Egyptair,A321,Africa
United Arab Emirates,Etihad Airways,A321,Middle East
Germany,Eurowings,A321,Europe
"Taiwan, Republic Of China",Eva Air,A321,Asia-Pacific
Australia,Express Freighters Australia,A321,Asia-Pacific
Finland,Finnair,A321,Europe
Bulgaria,Fly2Sky,A321,Europe
"Congo, The Democratic Republic",Flycaa Compagnie Africaine D'Aviation,A321,Africa
United States,Frontier Airlines,A321,North America
United States,Global Crossing Airlines,A321,North America
Bahrain,Gulf Air,A321,Middle East
Hong Kong,Hk Express,A321,Asia-Pacific
Bulgaria,Holiday Europe,A321,Europe
Spain,Iberia,A321,Europe
Spain,Iberia Express,A321,Europe
India,Indigo,A321,Asia-Pacific
"Iran, Islamic Republic Of",Iran Air,A321,Middle East
Iraq,Iraqi Airways,A321,Middle East
United Kingdom,Jet2.Com,A321,Europe
United States,Jetblue Airways,A321,North America
Australia,Jetstar Airways,A321,Asia-Pacific
China,Juneyao Airlines,A321,Asia-Pacific
"Iran, Islamic Republic Of",Kish Air,A321,Middle East
Cambodia,Lanmei Airlines,A321,Asia-Pacific
Chile,Latam Airlines Group,A321,Latin America & Caribbean
China,Longjiang Airlines,A321,Asia-Pacific
Germany,Lufthansa,A321,Europe
Germany,Lufthansa Cityline,A321,Europe
"Iran, Islamic Republic Of",Mahan Air,A321,Middle East
Maldives,Maldivian,A321,Asia-Pacific
"Iran, Islamic Republic Of",Meraj Air,A321,Middle East
Egypt,Nile Air,A321,Africa
Russian Federation,Nordwind Airlines,A321,Europe
Turkey,Onur Air,A321,Europe
Philippines,Pal Express,A321,Asia-Pacific
Philippines,Philippine Airlines,A321,Asia-Pacific
Spain,Privilege Style,A321,Europe
Qatar,Qatar Airways,A321,Middle East
Russian Federation,Red Wings Airlines,A321,Europe
Jordan,Royal Jordanian,A321,Middle East
Russian Federation,S7 Airlines,A321,Europe
Oman,Salam Air,A321,Middle East
Sweden,Sas,A321,Europe
Saudi Arabia,Saudia,A321,Middle East
China,Sichuan Airlines,A321,Asia-Pacific
Cambodia,Sky Angkor Airlines,A321,Asia-Pacific
Latvia,Smartlynx Airlines,A321,Europe
Malta,Smartlynx Airlines Malta,A321,Europe
Turkey,Southwind Airlines,A321,Europe
United States,Spirit Airlines,A321,North America
Portugal,Springjet,A321,Europe
Sri Lanka,Srilankan Airlines,A321,Asia-Pacific
Denmark,Sunclass Airlines,A321,Europe
Switzerland,Swiss,A321,Europe
Portugal,Tap Air Portugal,A321,Europe
China,Tianjin Airlines,A321,Asia-Pacific
United Kingdom,Titan Airways,A321,Europe
Turkey,Turkish Airlines,A321,Europe
Russian Federation,Ural Airlines,A321,Europe
Viet Nam,Vietjet Air,A321,Asia-Pacific
Viet Nam,Vietnam Airlines,A321,Asia-Pacific
Viet Nam,Vietravel Airlines,A321,Asia-Pacific
Mexico,Viva Aerobus,A321,Latin America & Caribbean
Mexico,Volaris,A321,Latin America & Caribbean
Spain,Vueling,A321,Europe
China,West Air,A321,Asia-Pacific
Ukraine,Windrose Airlines,A321,Europe
Hungary,Wizz Air,A321,Europe
Russian Federation,Yamal Airlines,A321,Europe
"Iran, Islamic Republic Of",Zagros Airlines,A321,Middle East
Iraq,Zagrosjet,A321,Middle East
Ireland,Accipiter,A321neo,Europe
Greece,Aegean Airlines,A321neo,Europe
Netherlands,Aercap,A321neo,Europe
Ireland,Aer Lingus,A321neo,Europe
United Arab Emirates,Air Arabia,A321neo,Middle East
Malaysia,Airasia,A321neo,Asia-Pacific
Malaysia,Airasia X,A321neo,Asia-Pacific
Canada,Air Canada,A321neo,North America
China,Air China,A321neo,Asia-Pacific
United States,Air Lease Corporation,A321neo,North America
New Zealand,Air New Zealand,A321neo,Asia-Pacific
United States,American Airlines,A321neo,North America
Japan,Ana Holdings,A321neo,Asia-Pacific
Israel,Arkia,A321neo,Middle East
"Korea, Republic Of",Asiana Airlines,A321neo,Asia-Pacific
Colombia,Avianca,A321neo,Latin America & Caribbean
United States,Aviation Capital Group,A321neo,North America
Ireland,Avolon,A321neo,Europe
Brazil,Azul Finance Llc,A321neo,Latin America & Caribbean
Singapore,Boc Aviation,A321neo,Asia-Pacific
China,Bocomm Leasing,A321neo,Asia-Pacific
United Kingdom,British Airways,A321neo,Europe
China,Calc,A321neo,Asia-Pacific
Hong Kong,Cathay Pacific Aircraft Services Limited,A321neo,Asia-Pacific
China,Cdb Leasing,A321neo,Asia-Pacific
Philippines,Cebu Pacific,A321neo,Asia-Pacific
"Taiwan, Republic Of China",China Airlines,A321neo,Asia-Pacific
China,China Eastern Airlines,A321neo,Asia-Pacific
China,China Southern Airlines,A321neo,Asia-Pacific
Ireland,Cit Leasing,A321neo,Europe
China,Cmb Financial Leasing,A321neo,Asia-Pacific
Germany,Condor,A321neo,Europe
United States,Delta Air Lines,A321neo,North America
United Kingdom,Easyjet,A321neo,Europe
United Arab Emirates,Etihad Airways,A321neo,Middle East
Saudi Arabia,Flynas,A321neo,Middle East
United States,Frontier Airlines,A321neo,North America
Ireland,Goshawk Aviation,A321neo,Europe
Bahrain,Gulf Air,A321neo,Middle East
United States,Hawaiian Airlines,A321neo,North America
Spain,Iberia,A321neo,Europe
China,Icbc,A321neo,Asia-Pacific
India,Indigo,A321neo,Asia-Pacific
United Kingdom,International Airlines Group - Iag,A321neo,Europe
Kuwait,Jazeera Airways,A321neo,Middle East
United Kingdom,Jet2.Plc,A321neo,Europe
United States,Jetblue Airways,A321neo,North America
Chile,Jetsmart,A321neo,Latin America & Caribbean
China,Juneyao Airlines,A321neo,Asia-Pacific
"Korea, Republic Of",Korean Air,A321neo,Asia-Pacific
Kuwait,Kuwait Airways,A321neo,Middle East
Chile,Latam Airlines Group,A321neo,Latin America & Caribbean
Indonesia,Lion Air,A321neo,Asia-Pacific
Germany,Lufthansa,A321neo,Europe
Lebanon,Middle East Airlines,A321neo,Middle East
United States,Nas Aviation Services,A321neo,North America
Egypt,Nile Air,A321neo,Africa
Japan,Peach,A321neo,Asia-Pacific
Turkey,Pegasus Airlines,A321neo,Europe
Philippines,Philippine Airlines,A321neo,Asia-Pacific
Australia,Qantas Airways,A321neo,Asia-Pacific
China,Qingdao Airlines,A321neo,Asia-Pacific
Saudi Arabia,Saudia,A321neo,Middle East
Singapore,Scoot,A321neo,Asia-Pacific
China,Shenzhen Airlines,A321neo,Asia-Pacific
China,Sichuan Airlines,A321neo,Asia-Pacific
Chile,Sky Airline,A321neo,Latin America & Caribbean
Ireland,Smbc Aviation Capital,A321neo,Europe
United States,Spirit Airlines,A321neo,North America
China,Spring Airlines,A321neo,Asia-Pacific
Switzerland,Swiss,A321neo,Europe
Portugal,Tap Air Portugal,A321neo,Europe
Turkey,Turkish Airlines,A321neo,Europe
United States,United Airlines,A321neo,North America
Uzbekistan,Uzbekistan Airways,A321neo,Europe
Viet Nam,Vietjet Air,A321neo,Asia-Pacific
Mexico,Viva Aerobus,A321neo,Latin America & Caribbean
Mexico,Volaris,A321neo,Latin America & Caribbean
Spain,Vueling,A321neo,Europe
Hungary,Wizz Air,A321neo,Europe
China,Xiamen Airlines,A321neo,Asia-Pacific
Greece,Aegean Airlines,A321,Europe
Netherlands,Aercap,A321,Europe
Malaysia,Airasia,A321,Asia-Pacific
China,Air China,A321,Asia-Pacific
United States,Air Lease Corporation,A321,North America
New Zealand,Air New Zealand,A321,Asia-Pacific
United States,American Airlines,A321,North America
Japan,Ana Holdings,A321,Asia-Pacific
Israel,Arkia,A321,Middle East
"Korea, Republic Of",Asiana Airlines,A321,Asia-Pacific
Colombia,Avianca,A321,Latin America & Caribbean
United States,Aviation Capital Group,A321,North America
Ireland,Avolon,A321,Europe
Singapore,Boc Aviation,A321,Asia-Pacific
China,Bocomm Leasing,A321,Asia-Pacific
United Kingdom,British Airways,A321,Europe
China,Calc,A321,Asia-Pacific
Hong Kong,Cathay Pacific Aircraft Services Limited,A321,Asia-Pacific
China,Cdb Leasing,A321,Asia-Pacific
Philippines,Cebu Pacific,A321,Asia-Pacific
China,China Southern Airlines,A321,Asia-Pacific
Ireland,Cit Leasing,A321,Europe
China,Cmb Financial Leasing,A321,Asia-Pacific
United States,Delta Air Lines,A321,North America
United Kingdom,Easyjet,A321,Europe
United States,Frontier Airlines,A321,North America
Bahrain,Gulf Air,A321,Middle East
United States,Hawaiian Airlines,A321,North America
Spain,Iberia,A321,Europe
China,Icbc,A321,Asia-Pacific
India,Indigo,A321,Asia-Pacific
United States,Jetblue Airways,A321,North America
China,Juneyao Airlines,A321,Asia-Pacific
"Korea, Republic Of",Korean Air,A321,Asia-Pacific
Germany,Lufthansa,A321,Europe
Lebanon,Middle East Airlines,A321,Middle East
United States,Nas Aviation Services,A321,North America
Japan,Peach,A321,Asia-Pacific
Turkey,Pegasus Airlines,A321,Europe
Philippines,Philippine Airlines,A321,Asia-Pacific
Australia,Qantas Airways,A321,Asia-Pacific
China,Qingdao Airlines,A321,Asia-Pacific
China,Sichuan Airlines,A321,Asia-Pacific
Ireland,Smbc Aviation Capital,A321,Europe
China,Spring Airlines,A321,Asia-Pacific
Switzerland,Swiss,A321,Europe
Portugal,Tap Air Portugal,A321,Europe
Turkey,Turkish Airlines,A321,Europe
Viet Nam,Vietjet Air,A321,Asia-Pacific
Mexico,Viva Aerobus,A321,Latin America & Caribbean
Mexico,Volaris,A321,Latin America & Caribbean
Spain,Vueling,A321,Europe
Hungary,Wizz Air,A321,Europe
Greece,Aegean Airlines,A321,Europe
Ireland,Aer Lingus,A321,Europe
United Kingdom,Aer Lingus Uk,A321,Europe
Russian Federation,Aeroflot Russian Airlines,A321,Europe
United Arab Emirates,Air Arabia,A321,Middle East
Malaysia,Airasia,A321,Asia-Pacific
Kazakhstan,Air Astana,A321,Europe
Pakistan,Airblue,A321,Asia-Pacific
"Korea, Republic Of",Air Busan,A321,Asia-Pacific
China,Air China,A321,Asia-Pacific
Macao,Air Macau,A321,Asia-Pacific
New Zealand,Air New Zealand,A321,Asia-Pacific
Canada,Air Transat,A321,North America
United States,Alaska Airlines,A321,North America
Japan,All Nippon Airways,A321,Asia-Pacific
United States,American Airlines,A321,North America
Israel,Arkia,A321,Middle East
"Korea, Republic Of",Asiana Airlines,A321,Asia-Pacific
Portugal,Azores Airlines,A321,Europe
Brazil,Azul,A321,Latin America & Caribbean
Viet Nam,Bamboo Airways,A321,Asia-Pacific
China,Beijing Capital Airlines,A321,Asia-Pacific
United Kingdom,British Airways,A321,Europe
Hong Kong,Cathay Pacific,A321,Asia-Pacific
Philippines,Cebu Pacific,A321,Asia-Pacific
"Taiwan, Republic Of China",China Airlines,A321,Asia-Pacific
China,China Southern Airlines,A321,Asia-Pacific
China,Chongqing Airlines,A321,Asia-Pacific
United States,Delta Air Lines,A321,North America
United Kingdom,Easyjet,A321,Europe
United States,Frontier Airlines,A321,North America
Bahrain,Gulf Air,A321,Middle East
United States,Hawaiian Airlines,A321,North America
Spain,Iberia Express,A321,Europe
India,Indigo,A321,Asia-Pacific
United States,Jetblue Airways,A321,North America
Chile,Jetsmart,A321,Latin America & Caribbean
Australia,Jetstar Airways,A321,Asia-Pacific
Japan,Jetstar Japan,A321,Asia-Pacific
China,Juneyao Airlines,A321,Asia-Pacific
"Korea, Republic Of",Korean Air,A321,Asia-Pacific
France,La Compagnie,A321,Europe
China,Loong Air,A321,Asia-Pacific
Germany,Lufthansa,A321,Europe
Lebanon,Middle East Airlines,A321,Middle East
Russian Federation,Nordwind Airlines,A321,Europe
Sweden,Novair,A321,Europe
Japan,Peach,A321,Asia-Pacific
Turkey,Pegasus Airlines,A321,Europe
Philippines,Philippine Airlines,A321,Asia-Pacific
Iceland,Play,A321,Europe
Uzbekistan,Qanot Sharq,A321,Europe
China,Qingdao Airlines,A321,Asia-Pacific
Russian Federation,S7 Airlines,A321,Europe
Oman,Salam Air,A321,Middle East
Sweden,Sas,A321,Europe
Singapore,Scoot,A321,Asia-Pacific
China,Shenzhen Airlines,A321,Asia-Pacific
China,Sichuan Airlines,A321,Asia-Pacific
Chile,Sky Airline,A321,Latin America & Caribbean
Turkey,Southwind Airlines,A321,Europe
China,Spring Airlines,A321,Asia-Pacific
Sri Lanka,Srilankan Airlines,A321,Asia-Pacific
"Taiwan, Republic Of China",Starlux Airlines,A321,Asia-Pacific
Switzerland,Swiss,A321,Europe
Portugal,Tap Air Portugal,A321,Europe
United Kingdom,Titan Airways,A321,Europe
Turkey,Turkish Airlines,A321,Europe
Russian Federation,Ural Airlines,A321,Europe
Uzbekistan,Uzbekistan Airways,A321,Europe
Viet Nam,Vietjet Air,A321,Asia-Pacific
Viet Nam,Vietnam Airlines,A321,Asia-Pacific
India,Vistara,A321,Asia-Pacific
Mexico,Viva Aerobus,A321,Latin America & Caribbean
Mexico,Volaris,A321,Latin America & Caribbean
Spain,Vueling,A321,Europe
Hungary,Wizz Air,A321,Europe
United Arab Emirates,Wizz Air Abu Dhabi,A321,Middle East
China,Xiamen Airlines,A321,Asia-Pacific
