Part Number,Description,Aircraft Model
A2527119300500,speaker panel,panel
D5528000100352,elevator bracket,elevator assembly
D5284024020600,actuator kit,spool
A5724572120000,washer assembly,washer
A25472586006,NA,NA
A2528909901200,tube air duct,"tube , assy"
A5724687820000,angle cabinet,"angle, assy"
A2527503715200,uphol chair assembly,uphlstry
F2557150024200,actuator kit,track ay
F5757119400300,seal kit,seal assy
A5211123620000,spring assembly,spring
D1121003720000,placard fuel,placard safety
A2528475921800,cap assembly,cap assy
A2527584301600,lining assembly,lining
D5627000620000,window assembly,window
A2121083500000,instruction sheet,"plate, assembly"
D5735007100000,actuator kit,fence
A4957043000000,casing assembly,casing
D2527003621400,restraint assembly,restranr
A2521312620501,actuator kit,track ay
A5721003400700,door hinge,"door, assembly"
A9000095312195,bundle assembly,bundle
A5231000100100,pipe assembly,pipe assembly
D3217030820200,placard fuel,placard safety
A9252900420000,tab assembly,tab
A2121118020002,actuator kit,shim
A2528120950200,placard fuel,placard safety
D5451000620095,NA,NA
A2901104220000,coupling assembly,"coupling, assy"
A3817266525051,placard fuel,placard safety
A5796946115051,fairing assembly,"fairing, assy"
D5311001800200,window assembly,window
A5724103620600,bushing nose,bushings
D2527701500400,placard assembly,plcrdset
A2187198120200,cover assembly,cover assembly
D5745051320200,actuator kit,shim
A9259217404600,cover assembly,cover assembly
A5724444900100,seal kit,seal assy
A2528101602855,placard assembly,plcrdset
A3617024006200,cover assembly,cover assembly
D2527326900800,NA,NA
F5327566420000,actuator kit,track ay
A3611509900000,pipe assembly,pipe assembly
F2527207220000,cover assembly,cover assembly
A2528951501800,rack assembly,rack
D3615000621800,sleeve assembly,sleeve
A9259075122200,placard fuel,placard safety
F1121003720000,placard fuel,placard safety
A2528026900300,lining assembly,lining
D2815005400051,bracket floor,bracket
A5796550621200,instruction sheet,"plate, assembly"
G79-0223-001,NA,NA
D5284023420400,actuator kit,packing
R5734012920400,ring assembly,ring ay
D25470440046009,cover assembly,cover assembly
A5227039420200,bushing nose,bushings
F2903062200000,pipe assembly,pipe assembly
D5754600124100,seal kit,seal assy
F0003053800000,hose alt cooling,"hose, assembly"
D9259024003400,support assembly,support
D2127101920400,actuator kit,sheet
A2577186220000,actuator kit,strip
A3817206005800,tube air duct,"tube , assy"
D5754081800400,bracket floor,bracket
D2901010320100,actuator kit,clmpblck
A2527161620200,actuator kit,section
A9252487020000,pin assembly,pin ay
A2714101420200,instruction sheet,"plate, assembly"
D5311228420100,cover assembly,cover assembly
D5746103620600,angle cabinet,"angle, assy"
D3015001320000,ring assembly,ring ay
A5217530200600,gear,gear
A5247100001600,door hinge,"door, assembly"
D5288113600100,seal kit,seal assy
A5796962115500,fairing assembly,"fairing, assy"
A5725400900500,lever assembly,lever assembly
D3217030600500,lever assembly,lever assembly
A2791201220000,washer assembly,washer
D5241029820000,spring assembly,spring
A5724663000300,speaker panel,panel
A2711207720200,rear sheet metal,shaft
A3241102300100,tube air duct,"tube , assy"
D5757353820000,fairing assembly,"fairing, assy"
A2577099920000,bushing nose,bushings
D2127725520600,hose alt cooling,"hose, assembly"
D5281011820200,seal kit,seal assy
A9249353720000,actuator kit,crosstie
A5766150800600,shroud assembly,shroud ay
A5237814620800,actuator kit,shim
A2764013020400,bushing nose,bushings
A2527505520000,support assembly,support
D9245018200300,support assembly,support
F5391066500003,bracket floor,bracket
A5797010002151,flap assembly,flap l
A2127728400000,bracket floor,bracket
A2553213002000,speaker panel,panel
A9252521800060,NA,NA
A5724238500000,roller assembly,roller shutter
A2528225700700,support assembly,support
D5397456120000,sleeve assembly,sleeve
A5796750300000,brush,brushes
F5451149020800,seal kit,seal assy
D5713014700300,actuator kit,track ay
A2511031820400,pin assembly,pin ay
F5218122021395,actuator kit,strip
CHA720-005,NA,NA
A5351027320000,actuator kit,shim
D2547093002000,door hinge,"door, assembly"
A2727086021000,bushing nose,bushings
A2913162000000,hose alt cooling,"hose, assembly"
A2567028801400,actuator kit,receptacle
A2553310720010,actuator kit,eyeend
D5227917300300,fit assembly,"fitting , assy"
A2547790001200,speaker panel,panel
A5714113700200,camshaft kit,can
F5217032520000,actuator kit,section
A2528908700200,tube air duct,"tube , assy"
D5725104100000,nut assembly,nutplate steel
A3459020320000,bushing nose,bushings
D9251175500000,spring assembly,spring
A9252318920000,instruction sheet,"plate, assembly"
F5397462920000,fit assembly,"fitting , assy"
D2127249720000,bracket floor,bracket
A2527387420000,fit assembly,"fitting , assy"
A2727138520600,aviation guide assembly,"guide,assy"
D5211046420200,spring assembly,spring
A7171501300400,pipe assembly,pipe assembly
A5327845020000,actuator kit,track ay
D5227923500352,door hinge,"door, assembly"
A5361068620501,fit assembly,"fitting , assy"
D1121006820200,placard fuel,placard safety
A92523080000D0,aircraft hangar,hanger
D7171002700000,pipe assembly,pipe assembly
A5724029920100,bracket floor,bracket
A2181028200900,blanket assembly,blanket assembly
D5725087224200,washer assembly,washer
D2527028000300,actuator kit,handrail
A2547780531700,instruction sheet,"plate, assembly"
A5398403220401,instruction sheet,"plate, assembly"
A9252623300061,NA,NA
A0003000100200,actuator kit,braids
D5211022620000,crankshaft kit,crank ay
A2528125334300,placard fuel,placard safety
D5757027220000,instruction sheet,"plate, assembly"
A5341245720000,bracket floor,bracket
A2528724220600,instruction sheet,"plate, assembly"
A2137023200000,element assembly,element
A2579121700200,barrier assembly,barrier
D2621005500000,bracket floor,bracket
D5288012320000,bushing nose,bushings
D5311118920200,NA,NA
D5211072320050,bushing nose,bushings
D4988502200000,nozzle assembly,nozzle ay
D3221012120000,ring assembly,ring ay
98A53803012000,actuator kit,calibrtn
A5247100022000,actuator kit,strip
A2191002501900,pipe assembly,pipe assembly
A3817195000100,speaker panel,pan assy
D5757329720200,actuator kit,strip
D2527715026700,foil assembly,foil
A9249635820400,bracket floor,bracket
F2527041000100,lining assembly,lining
A2521359800100,fit assembly,"fitting , assy"
A2527039422200,actuator kit,section
A9242636820095,angle cabinet,"angle, assy"
D5463021200000,instruction sheet,"plate, assembly"
A5724445220039,block assembly,block ay
F5335001420400,seal kit,seal assy
A2127924200000,half clamp,clamp assembly
A2528026200100,lining assembly,lining
A5796510500000,fairing assembly,"fairing, assy"
A5327404320000,fit assembly,"fitting , assy"
D5311136200000,instruction sheet,"plate, assembly"
A5398030120251,instruction sheet,"plate, assembly"
A5351012020001,actuator kit,insert
A5361107820002,washer assembly,washer
A5451529800200,actuator kit,splice
A3611011600000,blanket assembly,blanket assembly
A2901501520000,spacer assembly,spacer sleeve
A5217221520000,spring assembly,spring
A2127745800000,insulation bag assembly,insulatn
A5351027820200,nut assembly,nutplate steel
D2557237320000,bolt assembly,bolt ay
A3241000000003,bracket assembly,brace ay
D2747003600000,instruction sheet,"plate, assembly"
A2921005120000,aircraft brake components,manifold valve
A3277021021400,actuator kit,shim
D5331006820100,doubler assembly,doubler
D5744381621001,seal kit,seal assy
A2117033020000,cover assembly,cover assembly
A2528131553300,placard fuel,placard safety
9813215,NA,NA
A5281018220000,base flange,base assy
A25110686002E00,cover assembly,cover assembly
A2824006120200,fairing assembly,"fairing, assy"
A5796936120800,seal kit,seal assy
A2557132520200,actuator kit,strip
A2577284420600,actuator kit,section
D9241246400000,duct assembly,duct assembly
A5796954115700,fairing assembly,"fairing, assy"
A3231107900100,hose alt cooling,"hose, assembly"
D5451007100000,link assembly,link assy
F5332724820100,actuator kit,track ay
A5724297720000,actuator kit,packer
A5771006220500,seal kit,seal assy
A9252250521200,spacer assembly,spacer sleeve
D9245017720400,instruction sheet,"plate, assembly"
D5337170000200,fairing assembly,"fairing, assy"
F2557795420000,filter kit,filter air
A2528255001800,cover assembly,cover assembly
A2567034801600,stop assembly,stop
A2528951900000,rack assembly,rack
A2528122551700,placard fuel,placard safety
A5377288220400,actuator kit,section
D2547055300400,bracket floor,bracket
D2527700330400,placard fuel,placard safety
F5745012300000,actuator kit,glazing
D5337057320200,bushing nose,bushings
F5518237220000,ring assembly,ring ay
A0001080300000,rod assembly,rod assembly
A5461009320200,bushing nose,bushings
A2527282600700,frame assembly,frame assembly
D2747003700000,flange assembly,flange
A2527125301300,actuator kit,mask
A2527801722400,lining assembly,lining
A2737049320000,washer assembly,washer
A9242190720148,washer assembly,washer
A5328020600300,NA,NA
D2821034700000,instruction sheet,"plate, assembly"
A5786350200200,actuator kit,track ay
A5211029820001,nut assembly,nutplate steel
F5281066120000,washer assembly,washer
D9337070730651,placard fuel,placard safety
D3217018100000,bracket floor,bracket
D5281002820100,angle cabinet,"angle, assy"
A5247110100000,sleeve assembly,sleeve
D9344005220000,washer assembly,washer
105-3,bracket floor,bracket
A2557382420000,placard fuel,placard safety
A5381093121603,actuator kit,shim
A5784339320200,edge assembly,edge
D5347545005200,fairing assembly,"fairing, assy"
D5323035320050,fit assembly,"fitting , assy"
A5724071200500,speaker panel,panel
F3511003720000,pad assembly,pad ay
F0003004802100,duct assembly,duct assembly
D5323513600100,angle cabinet,"angle, assy"
A2151035800000,adapters,adapter
A5517223120000,bushing nose,bushings
A5286054920200,actuator kit,shim
D5745053100400Z,instruction sheet,"plate, assembly"
D2121058420040,actuator kit,grille
A5211024120000,bolt assembly,bolt ay
A2527567120300,seal kit,seal assy
A5237803721800,fit assembly,"fitting , assy"
A2577166600400,support assembly,support
A5217010620000,bushing nose,bushings
R5725837521000,bushing nose,bushings
A5796502800000,bracket floor,bracket
A5397010220091,instruction sheet,"plate, assembly"
A27911460000C0,actuator kit,handle circuit card
A2528120061700,placard fuel,placard safety
F3817002421451,placard fuel,placard safety
A2714088500000,actuator kit,cmprsso
D5397470200600,actuator kit,section
A5527270001959,speaker panel,panel
A2547540526400,instruction sheet,"plate, assembly"
D9337070925251,placard fuel,placard safety
A5327847321500,actuator kit,section
A2527825200800,lining assembly,lining
A5451526851000,aviation gusset assembly,gusset
A2579137820000,instruction sheet,"plate, assembly"
A2627045901000,tube air duct,"tube , assy"
A2187304200300,actuator kit,mat
D5754081800439,bracket floor,bracket
D9245600120000,bracket floor,bracket
A5451502520040,instruction sheet,"plate, assembly"
A2528707600000,frame assembly,frame assembly
A9259197006051,NA,NA
A5397848700051,speaker panel,panel
A5796066220300,actuator kit,strip
A5451547500000,actuator kit,strip
F2917004600900,tube air duct,"tube , assy"
F5367008520001,drain kit,drain fuel
A5341245620000,bracket floor,bracket
A2717061200400,rod assembly,rod assembly
D5347505005400,fairing assembly,"fairing, assy"
A5724443522139,NA,NA
A5237163420200,sleeve assembly,sleeve
F5757410501800,fairing assembly,"fairing, assy"
D2727012600200,lever assembly,lever assembly
A5327921320051,beam assembly,beam
A5351020700701K,NA,NA
D2845002100900,pipe assembly,pipe assembly
D5323185500000,speaker panel,panel
D5453016320300,retainer lens,retainer
A2527287720800,bolt assembly,bolt ay
A2528082400200,cover assembly,cover assembly
A2528090800200,lining assembly,lining
A5537010820000,washer assembly,washer
A5211142620201,fit assembly,"fitting , assy"
A5797410600000,fit assembly,"fitting , assy"
A5397103720000,fit assembly,"fitting , assy"
A2528848000600,actuator kit,handrail
A5461010430801,actuator kit,stiffenr
A2528107821400,placard fuel,placard safety
A5361181720102,actuator kit,splice
F5451195500300,filter kit,filter air
A3817097205000,tube air duct,"tube , assy"
D5755018420295,actuator kit,cleat
D5754118100000,NA,NA
F2527707451000,placard fuel,placard safety
D2557295021700,placard fuel,placard safety
A5797330020400,bushing nose,bushings
R5711505420100,doubler assembly,doubler
A9232041000000,NA,NA
D5754115720000,actuator kit,buttstrp
D5764002322239,instruction sheet,"plate, assembly"
A2547780531600,instruction sheet,"plate, assembly"
F2527092100000,support assembly,support
A2567083500200,pocket assembly,pocket literature
D5757033500200,seal kit,seal assy
99A53803000000,actuator kit,refstd
A2557048700000,stop assembly,stop
A2557424200000,actuator kit,section
A2181087600100,blanket assembly,blanket assembly
A2557213620000,placard fuel,placard safety
A9249375920000,actuator kit,section
D5725274920000,actuator kit,cleat
A2913161800400,hose alt cooling,"hose, assembly"
D5311246120040,actuator kit,shim
A2718021501200,tube air duct,"tube , assy"
A5724248020000,actuator kit,piece
D4918548000000,tank,tank
A2527224302000,cover assembly,cover assembly
D5211059820040,link assembly,link assy
D2821031420000,flange assembly,flange
A5794250300000,actuator kit,track ay
A2527150321600,cover assembly,cover assembly
A5237418720200,bolt assembly,bolt ay
F5451183120000,bolt assembly,bolt ay
A2528120066000,placard fuel,placard safety
A2121147120000,washer assembly,washer
D9299221200000,electrical assembly,eleceqpt
F5777014120400,block assembly,block ay
A2797113100000,aviation guide assembly,"guide,assy"
A5461087000400,bearing actuator,bearing
R5461011020000,bracket floor,bracket
D5361053200095,channel cabin,channel assy
A2577253920200,instruction sheet,"plate, assembly"
D2587111500200,blanket assembly,blanket assembly
A2527120927400,cover assembly,cover assembly
A7611200200400,cable flap,cable
A2187306120200,speaker panel,panel
A5361069520201,fit assembly,"fitting , assy"
A5227160400200,fit assembly,"fitting , assy"
A5784451120000,cover assembly,cover assembly
A2527532820200,fit assembly,"fitting , assy"
A5796502100000,fairing assembly,"fairing, assy"
D5746001720000,bolt assembly,bolt ay
A5211079400000,bell crank assembly,"bellcrank,assy"
D5537002500400,speaker panel,panel
D5211181823100,blanket assembly,blanket assembly
D5367202300200,speaker panel,panel
A2528041000600,door hinge,"door, assembly"
A0003001101495,insulation bag assembly,insulatn
D2127247100400,bracket floor,bracket
D2527359001500,actuator kit,handrail
101CZ01Y01,NA,NA
A2551304020201,angle cabinet,"angle, assy"
A2577191401051,actuator kit,strip
D5211105200000,link assembly,link assy
F2557639400000,NA,NA
F2587106720400,instruction sheet,"plate, assembly"
A2547563401251,door hinge,doorhalf
A52810110200001,bushing nose,bushings
D5725027920100,bracket floor,bracket
A5784364320600,seal kit,seal assy
F5332118321400,actuator kit,strip
A9259188420200,bolt assembly,bolt ay
A0003001101900,insulation bag assembly,insulatn
A5237183820000,actuator kit,f5327rd
A5784377100000,support assembly,support
D5331023320000,seal kit,seal assy
A2811037120000,actuator kit,sheet
A5724442423800,seal kit,seal assy
A9321014420200,block assembly,block ay
D3247002302300,tube air duct,"tube , assy"
A9259212700000,cover assembly,cover assembly
D3617026023400,cover assembly,cover assembly
F2151513020300,rod assembly,rod assembly
A5547141220901,actuator kit,strip
A2547265120000,actuator kit,strip
A5461090150400,actuator kit,strip
A2527114301000,lining assembly,lining
A2557305320100,actuator kit,sheet
A5327468720000,support assembly,support
A5211074220400,retainer lens,retainer
D2527707766800,placard fuel,placard safety
D5331030720095,instruction sheet,"plate, assembly"
A2797316000400,bracket floor,bracket
A2527915220000,actuator kit,detent
D5288011800000,hinge angle assembly,"hinge, assy"
2135T100-3,NA,NA
F2557602400000,deflator assembly,deflectr
D2527002001300,speaker panel,panel
D2815004000600,pipe assembly,pipe assembly
8113691616A,NA,NA
A5217537400000,flange assembly,flange
A925-25432-000-...,NA,NA
A252-7576000077,NA,NA
A3241014600100,hose alt cooling,"hose, assembly"
F05-113-35,NA,NA
A2714201300000,hose alt cooling,"hose, assembly"
A2127322020200,bolt assembly,bolt ay
D1121001321700,actuator kit,marking
A2528111335200,placard fuel,placard safety
A5397365620451,actuator kit,section
A5383225720001,link assembly,link assy
A2827007320000,actuator kit,"clip, assy"
A2527598005000,cover assembly,cover assembly
F5357414520000,washer assembly,washer
D5746059620851,seal kit,seal assy
A5724180300000,speaker panel,panel
A5398403220801,instruction sheet,"plate, assembly"
A9239386800200,bracket floor,bracket
F5331436720000,retainer lens,retainer
D5757182400100,link assembly,link assy
D2511069700200,box,box air
A5398011120351,fit assembly,"fitting , assy"
D3605001000100,pipe assembly,pipe assembly
A5217013320800,bushing nose,bushings
A5211059220009,washer assembly,washer
A5724435600300,NA,NA
D2527715022800,foil assembly,foil
A2737122220000,socket,socket
D2754007520000,bushing nose,bushings
CHA722-374,NA,NA
D5211023820040,NA,NA
D5237267320000,roller assembly,roller shutter
A2157199520000,support assembly,support
D5347210420000,actuator kit,section
A2151067420000,sleeve assembly,sleeve
D5725297928800,washer assembly,washer
D5757346800000,hinge angle assembly,"hinge, assy"
D5746100921000,actuator kit,shim
A2527121400100,NA,NA
D2825002700000,actuator kit,connectr
D3847004720600,placard fuel,placard safety
A2527520603900,shell assembly,shell ay
A2527842520200,actuator kit,strip
44570,NA,NA
A925-26260-000-...,NA,NA
D2587111400000,blanket assembly,blanket assembly
A7611036120000,roller assembly,roller shutter
D5463016500101,fit assembly,"fitting , assy"
D2527703858100,placard fuel,placard safety
1157060B,NA,NA
A2527824621100,support assembly,support
A2528951706600,rack assembly,rack
A2577186220200,actuator kit,strip
A2527570800951,actuator kit,section
F5745111900201,actuator kit,landing
A5397360920251,fit assembly,"fitting , assy"
D5311143820000,actuator kit,shim
D2527022200000,lining assembly,lining
D2527704744100,placard fuel,placard safety
A5537170000000,fit assembly,"fitting , assy"
A2911010431700,placard fuel,placard safety
A5398018720551,bracket floor,bracket
A2527090221800,actuator kit,strip
D2811005220800,seal kit,seal assy
D2705880107801,pipe assembly,pipe assembly
F5757469820600,washer assembly,washer
A2528100321200,placard fuel,placard safety
A5211017720200,fork assembly,fork
D5335500100000,filter kit,filter air
A2825009320400,fairing assembly,"fairing, assy"
F2611005300140,support assembly,support
D5211063020040,fork assembly,fork
A5398499520290,fit assembly,"fitting , assy"
A2577111800600,NA,NA
A2547618019900,NA,NA
D5397457220000,washer assembly,washer
D3615000600100,duct assembly,duct assembly
D5367302600000,NA,NA
D5598101220000,nut assembly,nutplate steel
A2527283200000,frame assembly,frame assembly
D5754153200000,beam assembly,beam
A2727051720000,spacer assembly,spacer sleeve
A955B011229101,NA,NA
A5461192100000,seal kit,seal assy
A5361068830001,actuator kit,shim
A2811028221101,extrusion components,extrusion
A2528124622000,placard fuel,placard safety
A5461176950000,aviation gusset assembly,gusset
A2528587020600,instruction sheet,"plate, assembly"
A2577081621200,latch assembly,"latch,assy"
A2577131100600,actuator kit,track ay
D2527700565100,actuator kit,strip
A2528131422500,placard fuel,placard safety
A2764025320000,instruction sheet,"plate, assembly"
A2547367410600,instruction sheet,"plate, assembly"
A5211135920000,actuator kit,shim
D2527001402300,lining assembly,lining
D5725271420100,actuator kit,stiffenr
A2193103200201,aircraft brake components,manifold valve
F2587107320000,instruction sheet,"plate, assembly"
D2567044120700,angle cabinet,"angle, assy"
A4957057200200,fit assembly,"fitting , assy"
A2553250400800,cover assembly,cover assembly
D2527703838200,placard fuel,placard safety
A2557381700000,cover assembly,cover assembly
A5211092120000,piston actuator assembly,piston
A2577091620200,bushing nose,bushings
F3611546000000,actuator kit,muff
A2557558800000,actuator kit,sheet
D5764002600300,actuator kit,strip
A2547738002000,speaker panel,panel
F5757222300200,bolt assembly,bolt ay
D5311251200400,bolt assembly,bolt ay
A5211009920200,lever assembly,lever assembly
D5735008720000,actuator kit,sheet
A5237406520000,bushing nose,bushings
D5211005400000,link assembly,link assy
D2587116500000,cover assembly,cover assembly
A2527113601200,cover assembly,cover assembly
A2528102635000,placard fuel,placard safety
A9252495600000,ramp assembly,ramp
A3611011200100,blanket assembly,blanket assembly
A2577231120200,bracket floor,bracket
F2911184400000,support assembly,support
A2527648002000,cover assembly,cover assembly
A2567030903000,bracket floor,bracket
D5211081420495,actuator kit,strip
A5724278920100,seal kit,seal assy
A2527642800000,actuator kit,diffuser
A2528100426200,placard fuel,placard safety
D3811009020200,sleeve assembly,sleeve
A5327473600100,speaker panel,panel
F5757428325800,seal kit,seal assy
R5734019921000,plug assembly,plug ay
D5237134920051,actuator kit,handle circuit card
A5217522621200,washer assembly,washer
F5367231100000,NA,NA
D5391271600300,drain kit,drain fuel
A25280781020,NA,NA
A2547780500300,instruction sheet,"plate, assembly"
A5398005320100,instruction sheet,"plate, assembly"
A5327808400400,speaker panel,panel
D2511114800000,angle cabinet,"angle, assy"
A5237402223600,retainer lens,retainer
A2528130101254,placard assembly,plcrdset
A5247504620000,spring assembly,spring
F9299107001200,electrical assembly,eleceqpt
A5361062522901,bracket floor,bracket
A5461248520200,actuator kit,shim
A2193103000200,tube air duct,"tube , assy"
A2721204700000,cable flap,cable
D2567060600000,strap assembly,strap
S4-3300346,NA,NA
F5746269300251,seal kit,seal assy
A9313205320005,NA,NA
D2905313900001,pipe assembly,pipe assembly
A2557240320600,instruction sheet,"plate, assembly"
A5724471622200,nut assembly,nutplate steel
A5517520001451,NA,NA
A5398943020600,actuator kit,strip
D5311001802801,window assembly,window l
A2577283500200,NA,NA
D2927016221200,placard fuel,placard safety
A5794006200000,bracket floor,bracket
A5797252423800,bushing nose,bushings
D4918541320400,instruction sheet,"plate, assembly"
D5281002420000,angle cabinet,"angle, assy"
D5311120120000,bell crank assembly,"bellcrank,assy"
D2557240020900,stop assembly,stop
A2181060421200,hose alt cooling,"hose, assembly"
A25120256003D0,shield assembly,shield emb
A5714126620000,sleeve assembly,sleeve
A2547360802200,NA,NA
98A54003098000,actuator kit,calibrtn
D5725297730000,stud assembly,stud ay
D2157120101200,shell assembly,shell ay
A2528120544400,placard fuel,placard safety
A3611503100000,support assembly,support
D5537131800200,fit assembly,"fitting , assy"
D5754052420600,seal kit,seal assy
D5211132601200,blanket assembly,blanket assembly
D5337168220490,actuator kit,section
A2731012820000,actuator kit,trunnion
A2527583700900,lining assembly,lining
A2737471120000,bushing nose,bushings
R5711002420800,actuator kit,stringer
D5754175400000,beam assembly,beam
D5537010400000,protective plate,protectn
F5451046600000,fit assembly,"fitting , assy"
A3231102120040,bolt assembly,bolt ay
D5211068820040,cap assembly,cap assy
A5796934820400,door hinge,"door, assembly"
A5351020800500,NA,NA
A5797253720000,nut assembly,nutplate steel
59064-11-21,NA,NA
D5755011500100,instruction sheet,"plate, assembly"
A5217216920000,washer assembly,washer
A5211022600200,actuator kit,handle circuit card
A5361071200002,fit assembly,"fitting , assy"
D5754050200351,fairing assembly,"fairing, assy"
A5397847620000,actuator kit,crossbem
D2557295022000,placard fuel,placard safety
A2131026400700,hose alt cooling,"hose, assembly"
D2815003120000,NA,NA
A2528121236600,placard fuel,placard safety
A2567069200000,angle cabinet,"angle, assy"
R5512011321700,angle cabinet,"angle, assy"
A5237168120000,flange assembly,flange
D5281003800901,retainer lens,retainer
D5757357320000,actuator kit,shim
A2577270300200,sump assembly,sump
A2528588000200,cover assembly,cover assembly
A5794252920000,bushing nose,bushings
A2577254820000,latch assembly,"latch,assy"
A2527597720000,angle cabinet,"angle, assy"
A5398021220800,profile assembly,"profile,sealing"
D5725651000151,bearing actuator,bearing
A5327507200100,speaker panel,panel
A5361149921902,bracket floor,bracket
A3221001020000,band assembly,band
D2825001000000,actuator kit,connectr
A2577253720200,hold down rod,holder
A2528132835300,placard fuel,placard safety
A5724377420000,actuator kit,spigot
D5211002820640,washer assembly,washer
A5377509120051,instruction sheet,"plate, assembly"
F5757462220200,bolt assembly,bolt ay
A5451533000200,actuator kit,section
A5361039800000,lever assembly,lever assembly
D5518313000101,tire,"tip, assy"
A0041009100700,rod assembly,rod assembly
D5463003700000,bearing actuator,bearing
A5327606600000,speaker panel,panel
A3411500200000,block assembly,block ay
A3837458920000,cap assembly,cap assy
A25282738019009,lining assembly,lining
D5746041120200,seal kit,seal assy
A2577112320000,pin assembly,pin ay
A5797263000000,fit assembly,"fitting , assy"
A5721016920000,lever assembly,lever assembly
D2785015220000,bobbin assembly,bobbin
D9299142700200,aircraft harness,harness assy
D5757036521800,actuator kit,halfshl
A2791288000040,housing blade,"housing, assembly"
A92527685200D00,actuator kit,supplate
A2547232420000,washer assembly,washer
D2527715035800,foil assembly,foil
D5237167420800,washer assembly,washer
D2167200107800,insulation bag assembly,insulatn
A2577282520000,drain kit,drain fuel
A5398065600600,NA,NA
A2151014220300,spacer assembly,spacer sleeve
A2133104120400,tee assembly,tee assy
F5281056300600,seal kit,seal assy
D3221004020000,pin assembly,pin ay
F5761050701600,aileron,aileron
A2557553800000,NA,NA
A2527580300500,lining assembly,lining
A5796934920200,instruction sheet,"plate, assembly"
A2577089000000,strut assembly,strut ay
F5757441420200,seal kit,seal assy
A3241102100500,hose alt cooling,"hose, assembly"
D5725297721400,stud assembly,stud ay
A9249633700000,bracket floor,bracket
D5746033320500,support assembly,support
D1121006520000,placard fuel,placard safety
D2904003800200,half clamp,clamp assembly
D5774501120900,seal kit,seal assy
A7621205620000,puller propeller,pulley
A5724441800000,bushing nose,bushings
F5757465921000,bushing nose,bushings
A5237412220000,rod assembly,rod assembly
A5517610033400,instruction sheet,"plate, assembly"
A57762001364,NA,NA
A5377672900500,fit assembly,"fitting , assy"
A2111015120000,lever assembly,lever assembly
F5281003700500,door hinge,"door, assembly"
A2791273120200,aviation guide assembly,"guide,assy"
D5211004521300,washer assembly,washer
A5217240220200,washer assembly,washer
A5461246030200,actuator kit,shim
A2528100334000,placard fuel,placard safety
A2527469820200,angle cabinet,"angle, assy"
D5735002100156,actuator kit,tip l
D5281006620000,pin assembly,pin ay
A0001049023200,placard fuel,placard safety
A2577335523400,bracket floor,bracket
F2557160300600,aviation guide assembly,"guide,assy"
A5237816220000,instruction sheet,"plate, assembly"
D2527025002600,lining assembly,lining
D5311121000000,rod assembly,rod assembly
A2528131038600,placard fuel,placard safety
D5227909120000,attitude indicator,indicatr
D4918520100400,NA,NA
A5381051722000,spacer assembly,spacer sleeve
A2528102156200,actuator kit,"clip, assy"
A2527166900200,cover assembly,cover assembly
D5337054520000,bushing nose,bushings
A5796508820400,nut assembly,nutplate steel
D5397461020000,actuator kit,section
D5211039920000,bushing nose,bushings
F5237100000600,door hinge,door l
A2528102825200,placard fuel,placard safety
A9354073920000,block assembly,block ay
D5211144420005,retainer lens,retainer
A2557428503000,speaker panel,panel
A5237816020200,bushing nose,bushings
D9347027100400,tee assembly,tee assy
D5746106420852,actuator kit,packer
A2528108720400,instruction sheet,"plate, assembly"
A5217532220600,fit assembly,"fitting , assy"
D2527707776200,placard fuel,placard safety
7945011,NA,NA
A2528100325400,placard fuel,placard safety
A5361174520101,fit assembly,"fitting , assy"
A5398030420000,fit assembly,"fitting , assy"
D5348011120000,drain kit,drain fuel
A2528100425000,placard fuel,placard safety
F1131023220000,placard fuel,placard safety
D2567043300000,support assembly,support
F5332118320600,actuator kit,strip
A2104001700100,duct assembly,duct assembly
A5796551020200,bracket floor,bracket
A2151034100200,pipe assembly,pipe assembly
A2843362520401,actuator kit,shim
D9259021720000,actuator kit,section
D5347034020000,profile assembly,"profile,sealing"
A5461175400300,fit assembly,"fitting , assy"
F2511270800000,bracket floor,bracket
F5311261420008,seal kit,seal assy
A0094139121800,washer assembly,washer
A5327466200200,NA,NA
D5211069520000,spacer assembly,spacer sleeve
A5794208420000,actuator kit,shim
D2547042020200,actuator kit,sheet
D9259003402200,actuator kit,psu ay
A2577041300200,actuator assembly,actuator assembly
A5377701920100,fit assembly,"fitting , assy"
A5211037100002,rod assembly,rod assembly
A5547160420000,fit assembly,"fitting , assy"
A5286054720600,bushing nose,bushings
D2547035120200,fit assembly,"fitting , assy"
A2527090957300,NA,NA
A4957075521000,actuator kit,strip
D5311064220001,bushing nose,bushings
D2527010600500,lining assembly,lining
D5735006820100,door hinge,"door, assembly"
A2557159300400,NA,NA
D2527017801400,lining assembly,lining
R5724018420100,instruction sheet,"plate, assembly"
A5217218120000,flange assembly,flange
D5725018120000,spacer assembly,spacer sleeve
A2911102300000,elbow assembly,elbow ay
A2121117820000,actuator kit,piece
A7611509600000,aircraft clamp,clampblk
A2557378100400,actuator kit,section
D5211025520040,rear sheet metal,shaft
F2527040401400,lining assembly,lining
A5377541921000,actuator kit,sheet
A5381110120093,actuator kit,splice
A5247110920000,latch assembly,"latch,assy"
131FL01D3Y1,NA,NA
A5227114020000,rod assembly,rod assembly
A2528058620000,instruction sheet,"plate, assembly"
A2527115620900,actuator kit,section
A2127407700900,duct assembly,duct assembly
F9249271110400,actuator kit,conduit
D5311086620203,fit assembly,"fitting , assy"
A5726029800000,cover assembly,cover assembly
A9344024720000,adapters,adapter
D5311316320000,assy fastener,fastener
F9251021700200,instruction sheet,"plate, assembly"
D5746019800200,slat assembly,slat ay
A5398860820090,strut assembly,strut ay
A3611509100300,cover assembly,cover assembly
A5537015925700,actuator kit,shim
A5724103620800,bushing nose,bushings
D5757354820000,sealing assembly,sealing ring
A3241001920000,nut assembly,nutplate steel
D2727026320000,spring assembly,spring
F5746219300000,seal kit,seal assy
A2528121133800,placard fuel,placard safety
A5724341720000,washer assembly,washer
D5746059621000,seal kit,seal assy
D5453002320000,rib assembly,"rib, assembly"
D5261006720000,pad assembly,pad ay
D5348004220401,fit assembly,"fitting , assy"
A2528124644800,placard fuel,placard safety
A5397806620400,fit assembly,"fitting , assy"
D5391494620000,support assembly,support
D5331015821500,actuator kit,strip
A3837097900000,cap assembly,cap assy
F2527705071400,placard fuel,placard safety
F0003006803200,rod assembly,rod assembly
D1121001321000,placard fuel,placard safety
A2901103000700,pipe assembly,pipe assembly
A5227111200100,support assembly,support
A5461199450000,bracket floor,bracket
D5735120100000,NA,NA
A2528130856600,placard fuel,placard safety
D5735105700000,seal kit,seal assy
C24274-3-1,NA,NA
A2567062101100,actuator kit,compt
A2557176120601,actuator kit,strip
A2547361002700,speaker panel,panel
A252-72814-166,NA,NA
A579-69620-152,NA,NA
D2527715037900,foil assembly,foil
D2511226020000,pin assembly,pin ay
A2193101002700,tube air duct,"tube , assy"
D3231009020000,cap assembly,cap assy
D5598164820000,washer assembly,washer
A2528539821800,actuator kit,section
A5744000420239,bracket floor,bracket
A300B09606008A,switch assembly,switch assy
F5746293421000,seal kit,seal assy
A5784023020200,bushing nose,bushings
D3237000400000,tube air duct,"tube , assy"
A3231012120000,washer assembly,washer
A2567024303200,actuator kit,containr
D5463024500000,bulkhead,"bulkhead, assy"
A5351033220000,spacer assembly,spacer sleeve
F5755022720000,actuator kit,shim
A2621011800000,pipe assembly,pipe assembly
A5327467920400,actuator kit,shim
A5328532601100,speaker panel,panel
A5517210820001,bushing nose,bushings
D5755018720395,actuator kit,cleat
D2527411020200,fit assembly,"fitting , assy"
A5211052420000,bushing nose,bushings
A2528289400400,cover assembly,cover assembly
A2627050820000,bracket floor,bracket
A2577335003800,actuator kit,track ay
D5361021800000,fit assembly,"fitting , assy"
A5766105800600,seal kit,seal assy
D25273590110009,actuator kit,handrail
A2547366804800,support assembly,support
D2527753920200,cover assembly,cover assembly
F5453093720001,doubler assembly,doubler
A9242303620000,aircraft grommet,grommets
F5391290200000,bracket floor,bracket
D2527011600700,lining assembly,lining
A2151018300000,actuator kit,valve
D5537010600000,protective plate,protectn
D5311402720000,stop assembly,stop
D5335850120100,seal kit,seal assy
A25271502072009,NA,NA
F3241031600000,pipe assembly,pipe assembly
A2557240022000,instruction sheet,"plate, assembly"
D5757184321000,seal kit,seal assy
D2527715052900,foil assembly,foil
A2113103500300,end assembly,end bell
A2527260800800,cover assembly,cover assembly
D5348023200051,speaker panel,panel
A2528265600200,lining assembly,lining
CHA704-728,NA,NA
A2547562300600,NA,NA
F1121004028700,placard fuel,placard safety
D5754115820000,actuator kit,buttstrp
D5237133500200,housing blade,"housing, assembly"
A2528111530800,placard fuel,placard safety
A5784346921551,seal kit,seal assy
D5725027720139,bracket floor,bracket
D1121002420600,placard fuel,placard safety
A5227036720600,aircraft grip,grip assy
D5757024420400,bushing nose,bushings
A2577293422200,instruction sheet,"plate, assembly"
F5746249321051,seal kit,seal assy
A2527434500600,actuator kit,outlet assembly
D5211058000000,crankshaft kit,crank ay
D5518152123000,instruction sheet,"plate, assembly"
D2527715051800,foil assembly,foil
A2557148721800,placard fuel,placard safety
A5461066200195,fit assembly,"fitting , assy"
F5755175720000,bushing nose,bushings
D2915001001751,pipe assembly,pipe assembly
D2558522000000,NA,NA
A2528102036900,placard fuel,placard safety
D5598181320000,actuator kit,"terminal, board"
99A55109005000,actuator kit,refstd
D2121002100040,duct assembly,duct assembly
A2529490304000,speaker panel,panel
A5361202320900,seal kit,seal assy
A5794254300000,carriage,carriage
A528-1065-001W,NA,NA
A2527461700400,NA,NA
D5744359701400,actuator kit,landing
D9344012420000,spacer assembly,spacer sleeve
A4957045121400,actuator kit,strip
D3615008500400,bracket floor,bracket
A2528122522100,placard fuel,placard safety
D2121099900000,instruction sheet,"plate, assembly"
A2547780531200,actuator kit,section
F9241543800200,bracket floor,bracket
F1121003620000,placard fuel,placard safety
A2711204700101,crankshaft kit,crank ay
A25272830159,NA,NA
A5397011825600,instruction sheet,"plate, assembly"
A2528657220200,hinge angle assembly,"hinge, assy"
A9249427200000,actuator kit,union
F2557172521600,instruction sheet,"plate, assembly"
D2527700600200,placard assembly,plcrdset
A5361191220000,actuator kit,splice
A2528122633200,placard fuel,placard safety
A2547540820600,instruction sheet,"plate, assembly"
D5311001800301,window assembly,window
A5794200520000,nut assembly,nutplate steel
F5745392400000,actuator kit,landing
A5726020016551,actuator kit,tip l
176-141,NA,NA
F5332753520100,retainer lens,retainer
A5784384520400,bushing nose,bushings
D5211044120201,retainer lens,retainer
A2737085200000,flange assembly,flange
F5755176420000,seal kit,seal assy
A7521502500200,door hinge,"door, assembly"
A2528121644600,placard fuel,placard safety
A5796602016500,flap assembly,flap waste
F5281021120101,stop assembly,stop
A2547595700200,speaker panel,pan assy
D5754060100200,fairing assembly,"fairing, assy"
D5211155220040,hook lock,hook ay
F3611013300000,pipe assembly,pipe assembly
A5796503320000,bolt assembly,bolt ay
A2547557001800,door hinge,"door, assembly"
D5453006720100,retainer lens,retainer
F5332754820200,actuator kit,strip
D5754012020400,pad assembly,pad ay
A5627001920000A,NA,NA
F5281204620000,washer assembly,washer
A2727124620000,frame assembly,frame assembly
A2527828701200,cover assembly,cover assembly
A5461122560093,angle cabinet,"angle, assy"
A2547289020000,instruction sheet,"plate, assembly"
D9245032705200,actuator kit,conduit
A5211142900001,flange assembly,flange
F5231081100000,pipe assembly,pipe assembly
D3611018500600,duct assembly,duct assembly
D5397474500200,actuator kit,section
D5211031000341,actuator kit,bar
A5451533700240,actuator kit,strip
A9249389920000,mount kit,mounting sleeve assy
A5361062521601,web assembly,web
A2127305800200,bracket floor,bracket
D2825003300000,elbow assembly,elbow ay
F1121003921100,placard fuel,placard safety
A2527587721600,instruction sheet,"plate, assembly"
A5327471400200,NA,NA
F5757140400000,wheel hub assembly,wheel assembly
D5347210620300,coupling assembly,"coupling, assy"
F5332524200000,actuator kit,splice
A9232060600500,actuator kit,radome
A3837273600000,bracket floor,bracket
A2557033520000,ring assembly,ring ay
F5451263600000,instruction sheet,"plate, assembly"
A5711121020195,actuator kit,shim
A2577215200200,actuator kit,mat
A2528830912900,door hinge,"door, assembly"
F5327584720000,actuator kit,track ay
59064-1-21,NA,NA
A5361244820000,seal kit,seal assy
D2527702641200,placard fuel,placard safety
F5746219520600,seal kit,seal assy
F5331438820000,actuator kit,strip
D5746049622151,seal kit,seal assy
A2815501501800,pipe assembly,pipe assembly
A5247501220000,frame assembly,frame assembly
D2815000700000,protector,protector
A2191300720600,tube air duct,"tube , assy"
F5757412600051,fit assembly,"fitting , assy"
A2181060421800,hose alt cooling,"hose, assembly"
A2557162022200,aviation guide assembly,"guide,assy"
A577-61501-160,NA,NA
A2528131344900,placard fuel,placard safety
F7611002420200,bushing nose,bushings
A5327255800000,speaker panel,panel
D5461018600200,cover assembly,cover assembly
A9338211420600,NA,NA
A2527822500200,rod assembly,rod assembly
A2757038100400,actuator kit,trunnion
A2127422100000,duct assembly,duct assembly
D5453016222200,seal kit,seal assy
A2113114300000,tube air duct,"tube , assy"
A5786450000200,link assembly,link assy
A5724247200951,shutter assembly,shutter
A2527090940100,NA,NA
F2527749071300,placard fuel,placard safety
A2567034920600,actuator kit,"clip, assy"
A2181032500500,blanket assembly,blanket assembly
A5461065000101,NA,NA
A2577327720000,actuator kit,section
D5337196120600,instruction sheet,"plate, assembly"
D5391162720000,instruction sheet,"plate, assembly"
F9259002400200,NA,NA
A2151015400100,NA,NA
A2577099420000,bushing nose,bushings
D5755600800000,bearing actuator,bearing
D5754601000400Z,NA,NA
A2113110820200,extrusion components,extrusion
D5463019120100,retainer lens,retainer
A2911103006300,pipe assembly,pipe assembly
A5796934522000,bolt assembly,bolt ay
A2527599421300,actuator kit,strip
A2528132120600,placard fuel,placard safety
A2557386300000,NA,NA
D5746056000100,support assembly,support
A2547577003400,actuator kit,dispensr
A2547557300500,shelf assembly,shelf
A5796672820000,washer assembly,washer
A5724446200039,seal kit,seal assy
D2527702151400,placard fuel,placard safety
A5237165500051,support assembly,support
A2557232322200,actuator kit,strip
A5797130101400,flap assembly,flap waste
D521107D520000,half clamp,clamp assembly
A5397027020690,actuator kit,threshld
A2527593500000,lining assembly,lining
F2527415622000,spacer assembly,spacer sleeve
F5745056100600Z,NA,NA
F5757109920000,bushing nose,bushings
A5281062500351,door hinge,"door, assembly"
A5361104520200,actuator kit,track ay
A2815007200100,pump assembly,pump
A5377097320091,actuator kit,section
A2557163600200,actuator kit,stiffenr
A5794208420400,actuator kit,shim
D2527103901000,blind assembly,blind rivet
D5746011400600,support assembly,support
A2528155100000,footrest assembly,footrest
D5311378820100,bushing nose,bushings
D1121006721900,placard fuel,placard safety
A2151058500201,lock nut,lock assy
F5518180920000,ring assembly,ring ay
A5327825320800,angle cabinet,"angle, assy"
D5211009320040,adapters,adapter
D5757025920000,washer assembly,washer
D5281005820300,fit assembly,"fitting , assy"
D5453021500400,filter kit,filter air
D5211034220300,bracket floor,bracket
A5724446320851,seal kit,seal assy
A2527134003160,NA,NA
A5327832300200,NA,NA
D2904004607801,pipe assembly,pipe assembly
A5796506022800,seal kit,seal assy
D5323119620200,stop assembly,stop
A5398050000000,support assembly,support
A2527282600000,frame assembly,frame assembly
D2821034300000,pipe assembly,pipe assembly
A2528655620100,instruction sheet,"plate, assembly"
D5331029400000,door hinge,"door, assembly"
F5451186620000,seal kit,seal assy
A2547377701200,aircraft grip,grip assy
A2914002400000,pipe assembly,pipe assembly
D5281002920003,angle cabinet,"angle, assy"
D5211062100000,fit assembly,"fitting , assy"
F2527706861000,placard fuel,placard safety
A9242190720147,washer assembly,washer
A5377155620251,actuator kit,section
A2567062600600,speaker panel,panel
F2527226100251,cover assembly,cover assembly
D2547090900800,frame assembly,frame assembly
A2811027623900,seal kit,seal assy
F5281010920001,angle cabinet,"angle, assy"
F0003041800000,instruction sheet,"plate, assembly"
A5784379121700,retainer lens,retainer
F2828003300000,flange assembly,flange
A2121013500200,fit assembly,"fitting , assy"
A2791117800000,fit assembly,"fitting , assy"
A2527583702300,lining assembly,lining
F5332728820000,puller propeller,pulley
A2547558202400,table assembly,"table, assy"
D5311124020100,retainer lens,retainer
D2527114720000,actuator kit,strip
CHA720-005A,NA,NA
A2577103006000,tube air duct,"tube , assy"
A2718021601700,tube air duct,"tube , assy"
A5211135720000,fit assembly,"fitting , assy"
R5397013422400,strap assembly,strap
A2127422100400,duct assembly,duct assembly
A5217242120200,screw assembly,screw
A9249125300000,cover assembly,cover assembly
A2547052010251,shroud assembly,shroud ay
D2528115105300,NA,NA
A5527230002151,actuator kit,section
A2814009000000,tube air duct,"tube , assy"
D5518340000100,actuator kit,le
A2547361901100,shelf assembly,shelf
D5754845120101,NA,NA
F5451050400000,instruction sheet,"plate, assembly"
D25273620080009,cover assembly,cover assembly
D2558515000000,speaker panel,panel
A2557222600000,speaker panel,panel
D2567053600000,cup assembly,cup
A2127401400000,duct assembly,duct assembly
D5754117820000,instruction sheet,"plate, assembly"
D5311307220000,retainer lens,retainer
A2843361120000,placard fuel,placard safety
D5347210620500,coupling assembly,"coupling, assy"
D3217019100100,bracket floor,bracket
D5311068020000,NA,NA
A2528223200100,cover assembly,cover assembly
D5237212420000,barrel assembly,barrel
D5367320900000,NA,NA
A2547380900000,bracket floor,bracket
D2755301600000,seal kit,seal assy
A2577125100201,actuator kit,track ay
D5397307920000,washer assembly,washer
A2527814602400,speaker panel,panel
A5397057900150,instruction sheet,"plate, assembly"
A2127425700000,support assembly,support
A5211049420200,fit assembly,"fitting , assy"
A5451532500410,actuator kit,struct
D5331006100000,NA,NA
A2577091220000,bolt assembly,bolt ay
D5347508320800,seal kit,seal assy
D2557234400200,instruction sheet,"plate, assembly"
A5797323420600,sleeve assembly,sleeve
D5754135600539,bracket floor,bracket
A0001023220800,placard fuel,placard safety
D2905314500000,pipe assembly,pipe assembly
A2577049320000,bell crank assembly,"bellcrank,assy"
D5746039620151,seal kit,seal assy
A2557048220000,fit assembly,"fitting , assy"
A5227016600300,lever assembly,lever assembly
A25472949151,NA,NA
A5211063720000,washer assembly,washer
F050380501,NA,NA
D9244007800100,raceway assembly,raceway
A5784001300200,bracket floor,bracket
A5724441800039,bushing nose,bushings
D5746019620651,seal kit,seal assy
A2557042520200,actuator kit,handle circuit card
D5211061121400,spacer assembly,spacer sleeve
A5724409920200,actuator kit,track ay
A2727047820000,bushing nose,bushings
A5726007320300,rib assembly,"rib, assembly"
F5285002700200Z,fairing assembly,"fairing, assy"
A5794004220000,pin assembly,pin ay
F2621004300000,pipe assembly,pipe assembly
A2557212900400,instruction sheet,"plate, assembly"
A2527127022900,cover assembly,cover assembly
A2753214120200,actuator kit,shim
A5398045120200,funnel assembly,funnel
F0003030307000,element assembly,element
D5237141820051,bushing nose,bushings
A2547576623600,instruction sheet,"plate, assembly"
D5518251320095,weight assembly,weight
D5237213120200,NA,NA
A5794200320200,rod assembly,rod assembly
D5357155221651,web assembly,web
A2547239003000,lining assembly,lining
D1131006320095,placard fuel,placard safety
A5777021320100,profile assembly,"profile,sealing"
A5377350720051,fit assembly,"fitting , assy"
A9232024200010,actuator kit,radome
99A57103025001,actuator kit,refstd
F2527749071100,placard fuel,placard safety
D2727027620400,ring assembly,ring ay
D2127600020400,placard fuel,placard safety
D2811005120600,seal kit,seal assy
A5724631600100,seal kit,seal assy
D2527700521200,placard fuel,placard safety
A5211097500200,angle cabinet,"angle, assy"
A5461216250600,tape,tape
D2527326420600,body assembly,body assy
A3214001520000,ball assembly,ball
A2557232324400,actuator kit,strip
A2577207620400,bracket floor,bracket
D5453005420000,rib assembly,"rib, assembly"
A5211003220100,NA,NA
A5327808300200,NA,NA
A5726029800100,cover assembly,cover assembly
A5211036720200,roller assembly,roller shutter
A2528120034600,placard fuel,placard safety
99A57103003000,actuator kit,referenc
A2527355100300,door hinge,"door, assembly"
A3847020200600,hose alt cooling,"hose, assembly"
F1121002400000,actuator kit,plardst
A5724184021300,pin assembly,pin ay
A5237814800200,actuator damper,damper
F2511212100000,NA,NA
A2547289300100,instruction sheet,"plate, assembly"
A2527235701800,speaker panel,panel
A5327852120200,fit assembly,"fitting , assy"
A2718021100300,tube air duct,"tube , assy"
CHA704-236L,NA,NA
A2557040920000,spacer assembly,spacer sleeve
A25271392046,NA,NA
D5518340000151,edge assembly,edge
A252-77380-008,NA,NA
F3811502500000,support assembly,support
A5724293820000,seal kit,seal assy
A5797149822202,instruction sheet,"plate, assembly"
F3837013100000,tube air duct,"tube , assy"
A5724246620451,seal kit,seal assy
D2157109200000,actuator kit,outlet assembly
A5794250302200,beam assembly,beam
F5757409620600,bushing nose,bushings
A5724030420200,bolt assembly,bolt ay
CHA1012-011A,NA,NA
A2528121555800,placard fuel,placard safety
D5725018420600,actuator kit,packing
D5323039820001,actuator kit,cleat
F2127832720000,restrictor assembly,restrictor
C20030015,NA,NA
F5331439220000,retainer lens,retainer
F5746230000100,slat assembly,slat ay
A5237405220400,bushing nose,bushings
D3251001500400,pipe assembly,pipe assembly
A2577260101600,frame assembly,frame assembly
A5724118500000,bracket floor,bracket
D2157103920201,actuator kit,section
A2557022500200,actuator kit,section
A2713303820000,fairlead assembly,fairlead
A5237040420000,washer assembly,washer
A5377707120000,fit assembly,"fitting , assy"
A2527814601100,NA,NA
A3231107705340,pipe assembly,pipe assembly
A5377302820400,hinge angle assembly,"hinge, assy"
A7621211600000,cable flap,cable
A2101074523500,hose alt cooling,"hose, assembly"
A2157242001600,cap assembly,cap assy
D5746002820400,bolt assembly,bolt ay
A25110769000E40,door hinge,"door, assembly"
A5377436820600,actuator kit,track ay
D5757206120000,actuator kit,spigot
A3817202902000,tube air duct,"tube , assy"
A4927031500000,placard fuel,placard safety
D2511193000100,frame assembly,frame assembly
A5211060420200,stop assembly,stop
A2781009400000,hose alt cooling,"hose, assembly"
A3837455220000,bracket floor,bracket
D9337070922251,placard fuel,placard safety
D2904004801801,pipe assembly,pipe assembly
A25316-1,NA,NA
D5764002322200Z,instruction sheet,"plate, assembly"
F5327563920000,actuator kit,track ay
D5237131600600,lever assembly,lever assembly
A5327760900000,door hinge,doorsill
D5323130200100,NA,NA
A2553250401801,NA,NA
D2905304200000,half clamp,clamp assembly
F5331537320000,flange assembly,flange
A2528120038000,placard fuel,placard safety
D2511044120000,washer assembly,washer
A2528652720400,pin assembly,pin ay
F2511208000000,carpet assembly,carpet assembly
D2907022500200,actuator kit,prssunit
A9259380621200,bracket floor,bracket
A9252250525000,tube air duct,"tube , assy"
F5518423521400,pin assembly,pin ay
D2527022600300,NA,NA
A2577293420200,instruction sheet,"plate, assembly"
A2911503100000,pipe assembly,pipe assembly
A2557204200000,actuator kit,section
D5348002320801,instruction sheet,"plate, assembly"
A5227008120000,bushing nose,bushings
A5794214020239,bolt assembly,bolt ay
D9337016220800,placard fuel,placard safety
D2121113600400,duct assembly,duct assembly
A3837222422800,placard fuel,placard safety
F5745039700100Z,speaker panel,panel
A2528821922400,bolt assembly,bolt ay
A2577110700600,balance assembly,balance
D5754023800100,bracket floor,bracket
D2527411020800,bracket floor,bracket
A2577186324400,actuator kit,section
D2557221100200,actuator kit,track ay
A5786452820000,bushing nose,bushings
F3615004100100,insulation bag assembly,insulatn
D5323022220000,retainer lens,retainer
D5348021023395,actuator kit,"clip, assy"
F5755087620000,retainer lens,retainer
A4927026900200,grib tube,grid
A2187237800600,blanket assembly,blanket assembly
D9244009700000,fairlead assembly,fairlead
A2528122254000,placard fuel,placard safety
A5724222220000,NA,NA
D3817012320200,bracket floor,bracket
A2527592000251,cover assembly,cover assembly
D5211062100100,fit assembly,"fitting , assy"
A2814019000000,baffle set,baffle ay
D5237100002600,door hinge,"door, assembly"
A2528120020700,placard fuel,placard safety
A2528025400100,NA,NA
A5784362224251,seal kit,seal assy
D5754061800239,bracket floor,bracket
A5726008220200,rib assembly,"rib, assembly"
D5337028920000,fit assembly,"fitting , assy"
A2547780536000,instruction sheet,"plate, assembly"
A2824021300000,shroud assembly,shroud ay
A5724660800400,NA,NA
A5786413920500,block assembly,block ay
A5724621220000,washer assembly,washer
A5797043220000,rod assembly,rod end
A5327278100400,instruction sheet,"plate, assembly"
A5217601920000,instruction sheet,"plate, assembly"
F2527062204200,speaker panel,panel
A2528619220800,edging assembly,edging
A3231302520100,bushing nose,bushings
A2577307021200,spring assembly,spring
A5357000001000,NA,NA
F1131034021300,placard fuel,placard safety
D2821031600100,actuator kit,clmpblck
D5754040120000,bracket floor,bracket
A2547377700600,aircraft grip,grip assy
A5797511600800,seal kit,seal assy
A5547158900200,bushing nose,bushings
A5627001920400,retainer lens,retainer
D5453037500100,filter kit,filter air
D5725097300800,NA,NA
A2528236201800,cover assembly,cover assembly
A5724241220000,pin assembly,pin ay
A2527875000200,cover assembly,cover assembly
D5237112720000,bushing nose,bushings
A2511011600100,shield assembly,shield emb
A2913161015000,tube air duct,"tube , assy"
A2577114122000,spring assembly,spring
A2577183101600,frame assembly,frame assembly
A2547406520000,fit assembly,"fitting , assy"
A2161010300000,duct assembly,duct assembly
D2511075200300,NA,NA
A52833019200004,bushing nose,bushings
A2537132623400,seal kit,seal assy
A2557217220200,actuator kit,section
A2527502221800,pin assembly,pin ay
D5211022320040,spacer assembly,spacer sleeve
F2747030520200,spring assembly,spring
A2527490200200,NA,NA
AW2044AB02,NA,NA
D5357020520248,actuator kit,section
D5337193620000,instruction sheet,"plate, assembly"
F2581628300000,blanket assembly,blanket assembly
A2557022320000,ring assembly,ring ay
A5397422720000,actuator kit,section
D3615001600000,duct assembly,duct assembly
A2547578421200,aviation guide assembly,"guide,assy"
A2527520605900,shell assembly,shell ay
D3237000501100,tube air duct,"tube , assy"
A2577099720000,instruction sheet,"plate, assembly"
R5725837520000,bushing nose,bushings
A2528539400000,speaker panel,panel
D5795205020000,actuator kit,shim
A2557149320800,placard fuel,placard safety
A0041021400200,actuator kit,reparkit
F5327270020400,actuator kit,"clip, assy"
A5286000000252,door hinge,"door, assembly"
A5217506020000,fit assembly,"fitting , assy"
A5796562020800,seal kit,seal assy
A2193102120000,NA,NA
F5332756120000,retainer lens,retainer
A2521359620001,actuator kit,shim
A5398046420300,angle cabinet,"angle, assy"
A2567024200800,cap assembly,cap assy
D5348004200001,fit assembly,"fitting , assy"
A5461031700402,firewall bracket,"firewall, assy"
D5281000500000,retainer lens,retainer
A2527043000600,angle cabinet,"angle, assy"
A5211049620001,actuator kit,shim
A5347306201300,eyebolt components,eyebolt
D5281003400102,fit assembly,"fitting , assy"
A2127467200400,bracket floor,bracket
D2157173500000,rod assembly,rod assembly
D5757050001200,actuator kit,structur l
D5211120820000,actuator kit,pllwblck
F2917003101000,tube air duct,"tube , assy"
D5528122920200,bushing nose,bushings
D5211062721040,washer assembly,washer
A2557037300200,NA,NA
A2798021100200,hose alt cooling,"hose, assembly"
A9259147301600,speaker panel,panel
D2527700530600,placard fuel,placard safety
D5248537920000,washer assembly,washer
A9348096500000,half clamp,clamp assembly
D5211072420000,bushing nose,bushings
D5764002320500,seal kit,seal assy
A2753206920000,ring assembly,ring ay
F5746350000300Z,slat assembly,slat ay
A4987024200252,muff assembly,muffler
D2511081800600,carpet assembly,carpet assembly
A5286984900100,bracket floor,bracket
A5351079720200,retainer lens,retainer
D25270543000009,lining assembly,lining
A5724012126800,actuator kit,strip
F2557636600000,speaker panel,panel
D5764002600200,actuator kit,strip
A2763209920600,spacer assembly,spacer sleeve
A2121329020100,foam assembly,foam
A2528951206200,pocket assembly,pocket literature
A5721015220100,spring assembly,spring
D2121003300000,duct assembly,duct assembly
A2528303000700,NA,NA
A2527155820000,support assembly,support
F2527060602200,slider assembly,slider
A2737029720000,actuator kit,shim
F5311242820000,washer assembly,washer
F0003160001500,hose alt cooling,"hose, assembly"
A2528951200800,pocket assembly,pocket literature
D5725297924400,washer assembly,washer
A5797043920000,washer assembly,washer
D5735006920100,door hinge,"door, assembly"
A5361037720000,ring assembly,ring ay
D9550019100400,NA,NA
A9232106620800,spacer assembly,spacer sleeve
A2553250425700,placard fuel,placard safety
103-2A,cap assembly,cap assy
A528-69800-175,NA,NA
A2557035300000,speaker panel,panel
F2527340901700,speaker panel,panel
A5327464820490,actuator kit,track ay
A2547578422000,spacer assembly,spacer sleeve
A2527113200500,NA,NA
D9355002220200,bushing nose,bushings
D2527011000000,lining assembly,lining
D5241017720400,body assembly,body assy
A5247105620000,actuator kit,section
A2527828701400,cover assembly,cover assembly
A2528167400000,frame assembly,frame assembly
D5725018220000,nut assembly,nutplate steel
A2577260400600,speaker panel,pan assy
F5332015820000,actuator kit,valve
A5784362224151,seal kit,seal assy
F2527060401000,blind assembly,blind rivet
D1121010124400,placard fuel,placard safety
D5754035320000,speaker panel,panel
37-605,NA,NA
65691-006-1,NA,NA
D5754047220000,instruction sheet,"plate, assembly"
A5461249320095,actuator kit,stabilzr
D2527701951700,placard fuel,placard safety
A5397425820251,actuator kit,section
A2527557224700,actuator kit,strip
D5211074420000,attitude indicator,indicatr
D2157141100200,duct assembly,duct assembly
A2737122000200,rod assembly,rod assembly
D2527024000300,lining assembly,lining
D2527700901200,placard assembly,plcrdset
D5795031520200,bracket floor,bracket
F5537033620600,bushing nose,bushings
D2527053602400,bracket floor,bracket
D5211005920500,actuator kit,handle circuit card
D2755001200300,lever assembly,lever assembly
D5754126420239,seal kit,seal assy
A2127311620000,flange assembly,flange
A2528121753600,placard fuel,placard safety
A9259380622400,bracket floor,bracket
A2737419100000,flange assembly,flange
A2557450122200,placard fuel,placard safety
D2527362006600,cover assembly,cover assembly
D5754052420200,seal kit,seal assy
A5784448020051,bracket floor,bracket
A5527460000400,cap assembly,cap assy
A2551031920000,fit assembly,"fitting , assy"
A5211048222001,retainer lens,retainer
D5746101820000,actuator kit,axle
A9222505750000,spacer assembly,spacer sleeve
A3611500820000,ring assembly,ring ay
D5757212120000,nut assembly,nutplate steel
A5726007620000,rib assembly,"rib, assembly"
A5328006300200,speaker panel,panel
A5328504900200,instruction sheet,"plate, assembly"
D5367322300600,NA,NA
A5237420220000,washer assembly,washer
D2121018100000,duct assembly,duct assembly
A2121180600041,duct assembly,duct assembly
A2547451000600,actuator kit,mask
D5211127720000,spacer assembly,spacer sleeve
D3237002602200,tube air duct,"tube , assy"
A9259162324200,placard fuel,placard safety
F5757136221000,bolt assembly,bolt ay
A5241015300102,door hinge,"door, assembly"
D2611016800000,bracket floor,bracket
D5755103820000,pin assembly,pin ay
A2717098400000,bracket floor,bracket
A53510067202001,bushing nose,bushings
D5331012800200,rod assembly,rod assembly
D2511188600251,module assembly,"module, assy"
D5598184120000,bushing nose,bushings
D2527715050200,foil assembly,foil
F5755008420200,seal kit,seal assy
A2714097220000,spacer assembly,spacer sleeve
194550-1,NA,NA
A3837261601200,bracket floor,bracket
A5211028020000,bushing nose,bushings
D2527021801300,lining assembly,lining
F5757402720200,angle cabinet,"angle, assy"
D2527720022500,placard fuel,placard safety
D5348006228201,actuator kit,"clip, assy"
A2577095320000,angle cabinet,"angle, assy"
F2527705186100,actuator kit,strip
A2577293420600,instruction sheet,"plate, assembly"
CHA704-240,NA,NA
A5381114520000,rail assembly,rail ay
CHA722-368,NA,NA
D5211061420040,washer assembly,washer
A5237418500051,hook lock,hook ay
A2567083100000,strap assembly,strap
A2527586201200,lining assembly,lining
A53610275010C11,actuator kit,wdomech
A3231107900900,hose alt cooling,"hose, assembly"
A5461192000000,retainer lens,retainer
D5463047220000,angle cabinet,"angle, assy"
D5347552921490,actuator kit,section
D2547056020400,instruction sheet,"plate, assembly"
A2527090961900,actuator kit,strip
D5211070920040,body assembly,body assy
D3015001900000,duct assembly,duct assembly
D5461007520000,seal kit,seal assy
A5227029300000,spring assembly,spring
D2127550021000,tube air duct,"tube , assy"
F5745142100500Z,speaker panel,panel
A52011000008M,NA,NA
A2911503500100,pipe assembly,pipe assembly
A9321009220000,NA,NA
A2527502222000,bolt assembly,bolt ay
A2547541700200,bracket floor,bracket
A3837204000000,actuator kit,valve
A3251225720000,seal kit,seal assy
F5217054720000,support assembly,support
D2701022420000,actuator kit,strip
A9242503700000,fairlead assembly,fairlead
A2528120088100,placard fuel,placard safety
A5796565500951,fairing assembly,"fairing, assy"
F2557608720800,actuator kit,section
A2727086020000,bushing nose,bushings
A2547367401400,instruction sheet,"plate, assembly"
A3817097420600,actuator kit,csghalf
A2528053102400,lining assembly,lining
A2527352000000,fit assembly,"fitting , assy"
F5518254200100,strap assembly,strap
A2527382725500,actuator kit,strip
A2728020100100,tube air duct,"tube , assy"
A2577082120000,latch assembly,"latch,assy"
A5724294620200,seal kit,seal assy
99A57204391001,actuator kit,refstd
A2528100536200,placard fuel,placard safety
D3231016700040,bell crank assembly,"bellcrank,assy"
A5724014820200,pad assembly,pad ay
A7617032720000,support assembly,support
A2738100200400,tube air duct,"tube , assy"
F2557160200000,support assembly,support
D2527362008000,cover assembly,cover assembly
D2527701501200,placard assembly,plcrdset
D9259004201000,actuator kit,psu ay
A2547578400300,lever assembly,lever assembly
F0003034801000,aircraft label,label
D5537002500200,speaker panel,panel
D1131006020000,placard fuel,placard safety
A5351084420040,washer assembly,washer
A3837185200000,gasket,gasket set major overhaul
A9252229000100,retainer lens,retainer
A3231004920140,cover assembly,cover assembly
A5237416721100,retainer lens,retainer
A5461063220101,lever assembly,lever assembly
A5398047420400,actuator kit,cornerpl
749198-2,NA,NA
D2511192600051,box,box air
A5211051820000,body assembly,body assy
F5746349500100Z,actuator kit,slat l
D9355004020039,bracket floor,bracket
A2527120903800,speaker panel,panel
A2528042002400,speaker panel,panel
F5331932820100,retainer lens,retainer
D9244012720400,spacer assembly,spacer sleeve
A5794210820400,bolt assembly,bolt ay
D3837104121000,bolt assembly,bolt ay
D3215303200600,pin assembly,pin ay
A5797333120000,bolt assembly,bolt ay
A5327464920300,actuator kit,track ay
D2121036400200,duct assembly,duct assembly
A2527160520000,screen assembly,screen assy
D5284024620400Z,instruction sheet,"plate, assembly"
A2557426100800,NA,NA
FE102001,NA,NA
A5724442800000,bushing nose,bushings
A2527547120400,actuator kit,strip
A5327409220000,strap assembly,strap
D2558525720000,actuator kit,section
A5398928420200,seal kit,seal assy
D5211044720801,retainer lens,retainer
A2791087020000,actuator kit,shim
D5348002033901,profile assembly,"profile,sealing"
A5797043620000,bolt assembly,bolt ay
CHA704-230,NA,NA
F5747000920000,instruction sheet,"plate, assembly"
D5311001800300,window assembly,window
A5451503721301,instruction sheet,"plate, assembly"
A2528028300300,lining assembly,lining
A3611509900100,pipe assembly,pipe assembly
D2527053623900,bracket floor,bracket
A3618021100000,tube air duct,"tube , assy"
F5725327920300,seal kit,seal assy
D5754053021139,seal kit,seal assy
A2567080101600,bracket floor,bracket
D5335850120700,actuator kit,strip
D5237118020000,support assembly,support
D5744359601100,actuator kit,landing
A9259197512200,NA,NA
A5401032220000,washer assembly,washer
A5724447020200,stop assembly,stop
A2557149320400,placard fuel,placard safety
A5237801520000,seal kit,seal assy
A2577120720300,actuator kit,section
A2711208100041,fit assembly,"fitting , assy"
A2791288000000,actuator kit,hdusing
A5377264300651,angle cabinet,"angle, assy"
D9245009000400,angle cabinet,"angle, assy"
A3241017000100,hose alt cooling,"hose, assembly"
D0003000600000,NA,NA
A5557230520000,yarn assembly,yoke
D2528110018051,NA,NA
F2527749422300,placard fuel,placard safety
A3837279300000,lever assembly,lever assembly
A3617023600400,elbow assembly,elbow ay
D5725297724800,stud assembly,stud ay
F5451023220051,pin assembly,pin ay
A9239255120400,placard fuel,placard safety
D5754127900100,fit assembly,"fitting , assy"
A2918108000800,tube air duct,"tube , assy"
D2122824300000,duct assembly,duct assembly
A5247504720000,screw assembly,screw
A2528056420051,lever assembly,lever assembly
D5337010420000,bushing nose,bushings
A2567030100800,strap assembly,strap
D5795017000200,bracket floor,bracket
A2527816301100,lining assembly,lining
A2121055920200,retainer lens,retainer
A2567061300100,speaker panel,panel
A2577117321000,instruction sheet,"plate, assembly"
D2527703846100,placard fuel,placard safety
A5397382322800,actuator kit,strip
A2528102157200,actuator kit,"clip, assy"
D5211163020000,fork assembly,fork
A2557047524800,placard fuel,placard safety
A2547424620200,angle cabinet,"angle, assy"
A9299526500000,aircraft harness,harness assy
A2741201700000,cable flap,cable
F5391674300000,bracket floor,bracket
A5724443522039,NA,NA
A5351020800501H,NA,NA
D5227906620200,instruction sheet,"plate, assembly"
F5218224220000,pushbutton switches,pusher
A2824005520000,fairing assembly,"fairing, assy"
F5745137600000,actuator kit,lanyard
A2528121120300,placard fuel,placard safety
A2527660400000,fit assembly,"fitting , assy"
D9347029120600,block assembly,block ay
F5745391200100,actuator kit,landing
F5332784820000,hinge angle assembly,"hinge, assy"
A5796954116351,fairing assembly,"fairing, assy"
A2547269000000,switch assembly,switch assy
F5331636120000,actuator kit,axis
D2527021400400,lining assembly,lining
A5724434700200,speaker panel,panel
A5361029120000,spring assembly,spring
A5451506420000,angle cabinet,"angle, assy"
F2557608100000,speaker panel,panel
D5211063422200,washer assembly,washer
D9347028820600,block assembly,block ay
D5311062420000,bracket floor,bracket
A2577335011600,actuator kit,track ay
D2927016620000,washer assembly,washer
A5327256000000,speaker panel,panel
F5281019100300,door hinge,"door, assembly"
D2527359010800,actuator kit,handrail
A5797262621000,actuator kit,shim
D2527002820000,instruction sheet,"plate, assembly"
A2528267000000,cover assembly,cover assembly
A5724446100039,seal kit,seal assy
D5367202700000,speaker panel,panel
D5211069620740,washer assembly,washer
D2755300420200,spacer assembly,spacer sleeve
F5281074520420,spacer assembly,spacer sleeve
A5794041800000,bracket floor,bracket
A5377857520451,actuator kit,"clip, assy"
D5463020720100,angle cabinet,"angle, assy"
A5786520016951,slat assembly,slat ay
F5518370000851,tire,"tip, assy"
D5361048520000,actuator kit,strip
A2151051520300,seal kit,seal assy
F2557210022800,placard fuel,placard safety
F2527752520400,actuator kit,section
D5453022120000,pawl assembly,pawl
D2527351501600,door hinge,"door, assembly"
A2527547720200,instruction sheet,"plate, assembly"
A2737401920000,flange assembly,flange
A2753201800000,plug assembly,plug ay
A2557385020000,placard fuel,placard safety
A5784401000000,link assembly,link assy
A3817275601600,instruction sheet,"plate, assembly"
D5547113820000,washer assembly,washer
D2811002922800,seal kit,seal assy
A2547575503700,speaker panel,panel
A5351055222700,seal kit,seal assy
A3238021000200,tube air duct,"tube , assy"
A9249384300000,bracket floor,bracket
D9245008400000,half clamp,clamp assembly
D3811001720000,plug assembly,plug ay
A5724475600000,shutter assembly,shutter
D2127413500200,tube air duct,"tube , assy"
A9232013620400,actuator kit,diaph
A5766034800200,link assembly,link assy
A5786352120200,bushing nose,bushings
A2527498200200,lining assembly,lining
A5734012022600,half clamp,clamp assembly
A2814013830500,actuator kit,valve
A2528102022300,placard fuel,placard safety
D2547090007800,shroud assembly,shroud ay
A2577310520600,washer assembly,washer
A9242412420500,placard fuel,placard safety
D2527752100200,NA,NA
D5323021420000,retainer lens,retainer
D5347553400700,hinge angle assembly,"hinge, assy"
A2528051601000,speaker panel,panel
A5797046220000,washer assembly,washer
D5347553121000,stop assembly,stop
D5735105000900,NA,NA
A9239387220000,bracket floor,bracket
D5745050600000,instruction sheet,"plate, assembly"
A5397831420000,cover assembly,cover assembly
F5757410301800,fairing assembly,"fairing, assy"
D5311120920000,rack assembly,rack
D5463074520000,actuator kit,shim
A3817255600400,bracket floor,bracket
D5311220020151,cover assembly,cover assembly
D2741000500000,gear,gear
A2547576501400,shroud assembly,shroud ay
D2825006900000,bracket floor,bracket
A2527125101200,NA,NA
D5754082600000,NA,NA
A9249729120000,washer assembly,washer
F5217003520101,fit assembly,"fitting , assy"
A5721006420201,bushing nose,bushings
F5332118320200,actuator kit,strip
A5547161100000,fit assembly,"fitting , assy"
D5211034200100,bracket floor,bracket
A3251216820200,casing assembly,casing
D5757034120100,seal kit,seal assy
D2721001420500,bushing nose,bushings
F5311235720004,pin assembly,pin ay
A2527580203000,lining assembly,lining
A2528120241200,placard fuel,placard safety
A5724063320000,bushing nose,bushings
R5397048220000,angle cabinet,"angle, assy"
A5281067120100,bolt assembly,bolt ay
D2741001800000,attitude indicator,indicatr
A3231005020140,cover assembly,cover assembly
D3817001506400,tube air duct,"tube , assy"
A2845005600000,tube air duct,"tube , assy"
F5281052520021,bolt assembly,bolt ay
A5724876800200,roller assembly,roller shutter
D5757305820000,bolt assembly,bolt ay
A9354019900000,bracket floor,bracket
A2528167621600,screw assembly,screw
99A53003001104,actuator kit,calibrat
A5217019620400,seal kit,seal assy
A2791185020000,spring assembly,spring
R5381003720495,pad assembly,pad ay
D5774503020900,seal kit,seal assy
A9259075121000,placard fuel,placard safety
A2528823720000,bolt assembly,bolt ay
B9299009401200,kiss seal,kit
A2913201122040,placard fuel,placard safety
A5351029320000,actuator kit,shim
A5247301420400,fit assembly,"fitting , assy"
A300B0964312A,switch assembly,switch assy
F5348615020400,hinge angle assembly,"hinge, assy"
A5724596820000,actuator kit,strip
D5311259900000,actuator kit,track ay
D5463009520000,spring assembly,spring
D5518330020501,actuator kit,sheet
A2567084820000,cover assembly,cover assembly
D5725297820000,stud assembly,stud ay
A5796502000051,fairing assembly,"fairing, assy"
A5351062400201,NA,NA
D5757007201800,seal kit,seal assy
A3243161004400,tube air duct,"tube , assy"
F3831528120000,bracket floor,bracket
D2527719953900,placard fuel,placard safety
A2527480700400,NA,NA
F5331295220201,actuator kit,track ay
D5746056000200,support assembly,support
A2528102101251,placard assembly,plcrdset
D2527719937900,placard fuel,placard safety
A5397397320001,instruction sheet,"plate, assembly"
D5754142900051,strap assembly,strap
A5796934000100,bracket floor,bracket
F2557615200600,speaker panel,panel
A2187413002000,blanket assembly,blanket assembly
D2711003220100,stop assembly,stop
D2527075206700,instruction sheet,"plate, assembly"
D3831011520200,plug assembly,plug ay
D5735120000300Z,actuator kit,fence
A5724342120000,link assembly,link assy
D2711000900000,NA,NA
A5537162920290,bolt assembly,bolt ay
A2511309000101,actuator kit,"clip, assy"
A2547349320200,screen assembly,screen assy
D2527715025500,foil assembly,foil
A3231104420000,bushing nose,bushings
D9249107301800,strap assembly,strap
F5331932520300,seal kit,seal assy
A2187140001460,NA,NA
A5784377500051,rod assembly,rod assembly
A5217026020800,fit assembly,"fitting , assy"
A5237810020400,washer assembly,washer
D2825002400100,actuator kit,connectr
A2127245221600,actuator kit,mask
D2557177322800,actuator kit,strip
F5331431500000,inlet assembly,inlet assy
A2717122000200,actuator kit,sprtxlvr
A4957086220400,actuator kit,strip
A5397038120100,fit assembly,"fitting , assy"
A5398935821200,seal kit,seal assy
A2714029900000,actuator kit,trunnion
A2113103600000,duct assembly,duct assembly
F5237063520001,actuator kit,sheet
D5331006320201,seal kit,seal assy
A5797252220000,washer assembly,washer
D2547090007600,shroud assembly,shroud ay
F2127204020400,duct assembly,duct assembly
A52110066206005,bushing nose,bushings
F2551105500000,NA,NA
A92523517000C00,NA,NA
A5713052120300,washer assembly,washer
A5461008824101,speaker panel,panel
A9000095095995,bundle assembly,bundle
A3248021101000,tube air duct,"tube , assy"
A2714075420200,actuator kit,shim
A3831300520202,bracket floor,bracket
F5453253520000,spring assembly,spring
A2527506600200,NA,NA
D5725272220039,angle cabinet,"angle, assy"
A3251208820200,instruction sheet,"plate, assembly"
F5331436400100,seal kit,seal assy
A2557338302000,frame assembly,frame assembly
F2161517100100,actuator kit,muff
D9249116000000,cap assembly,cap assy
A92530248001D00,instruction sheet,"plate, assembly"
F5332765320200,retainer lens,retainer
F5281077520401,actuator kit,strip
F2557611500400,frame assembly,frame assembly
D2904004808201,pipe assembly,pipe assembly
A2815501501600,pipe assembly,pipe assembly
A2577074200400,actuator kit,track ay
A2528100435900,placard fuel,placard safety
A5361164422401,web assembly,web
A5796035120000,bushing nose,bushings
F2727136420000,placard fuel,placard safety
A5711113420001,fit assembly,"fitting , assy"
D2557221500200,actuator kit,track ay
A5796934521200,bolt assembly,bolt ay
A5794009500200,tube air duct,"tube , assy"
A5771008820600,bushing nose,bushings
A3243161000000,pipe assembly,pipe assembly
D5211144620201,retainer lens,retainer
D2905307100000,pipe assembly,pipe assembly
A5461099050600,door hinge,"door, assembly"
D5211031900000,actuator kit,eyeend
A2577256320000,spring assembly,spring
A2127430300000,duct assembly,duct assembly
A2764003120000,bushing nose,bushings
D5391542900000,bracket floor,bracket
D5744367422200,seal kit,seal assy
A2527154301700,cap assembly,cap assy
D5754135320100,support assembly,support
A2827051020200,sleeve assembly,sleeve
A2527507100352,door hinge,"door, assembly"
D5755011200000,instruction sheet,"plate, assembly"
98A53153000000,actuator kit,calibrat
A3611511805100,tube air duct,"tube , assy"
D5347218820200,beam assembly,beam
A2527408320000,angle cabinet,"angle, assy"
A2527647000200,base flange,base assy
D2527700931500,placard fuel,placard safety
D5463039720000,spacer assembly,spacer sleeve
D5757168021600,actuator kit,strip
F5281011800000,retainer lens,retainer
A2528225320400,spring assembly,spring
A5237023920000,actuator kit,shim
A9242198220000,NA,NA
D4918535820000,support assembly,support
D2557216000600,actuator kit,mat
A2557567100000,actuator kit,section
S1565-64309,bearing sleeve,"bearing, sleeve"
F5397465200890,bracket floor,bracket
A5398039120651,actuator kit,shim
A5714056200200,camshaft kit,can
A3251214820000,washer assembly,washer
D3611014400000,pipe assembly,pipe assembly
A5784392220000,instruction sheet,"plate, assembly"
F5332025820000,aviation guide assembly,"guide,assy"
F2527410329800,rail assembly,rail ay
A5361172800200,instruction sheet,"plate, assembly"
A5724475320000,bushing nose,bushings
D5518280500100,strut assembly,strut ay
D2557167400000,speaker panel,panel
A271102G220400,actuator kit,strip
A5211027720400,pin assembly,pin ay
D5358528520001,actuator kit,sheet
A5327996800000,speaker panel,panel
D3611016600000,pipe assembly,pipe assembly
A2547298220000,fit assembly,"fitting , assy"
A5211071520000,spring assembly,spring
D5347210421600,actuator kit,section
D5725297930600,washer assembly,washer
D5754052320400,seal kit,seal assy
A5237165920000,roller assembly,roller shutter
F2527089800000,NA,NA
A9321110600040,actuator kit,ank
A9259209211600,NA,NA
D5337193300000,stop assembly,stop
D5367321500100,NA,NA
A5237008220200,actuator kit,sheet
A5451535100100,actuator kit,splice
A2127045921400,actuator kit,mat
A3231302100040,fit assembly,"fitting , assy"
A2527814505100,NA,NA
A5397432520200,fit assembly,"fitting , assy"
A5398009321590,actuator kit,section
D5347553700400,angle cabinet,"angle, assy"
A3837189020000,instruction sheet,"plate, assembly"
A5286994920000,bushing nose,bushings
F5281065120000,pin assembly,pin ay
F2818007100000,pipe assembly,pipe assembly
A5461041600102,actuator kit,leanding
A2577503000400,actuator kit,track ay
A2521359520002,fit assembly,"fitting , assy"
A2187102901200,blanket assembly,blanket assembly
A5227032920200,kevlar,key
D5311104520000,retainer lens,retainer
F2527706653900,placard fuel,placard safety
D9337070920051,placard fuel,placard safety
D5211059420040,spacer assembly,spacer sleeve
A5398021620000,fit assembly,"fitting , assy"
D5323093420041,angle cabinet,"angle, assy"
A5715148621200,stud assembly,stud ay
A2121115600001,support assembly,support
A2127035500200,duct assembly,duct assembly
D5211014020000,spacer assembly,spacer sleeve
A2127052000000,bracket floor,bracket
A52110066202003,bushing nose,bushings
A5328011800000,NA,NA
A2527545820800,actuator kit,strip
A2557316921800,actuator kit,strip
F5777003520200,actuator kit,shim
A2791141220000,actuator kit,shim
A2187412002200,blanket assembly,blanket assembly
A2557564820600,actuator kit,strip
A5724128950039,angle cabinet,"angle, assy"
A5784345820000,angle cabinet,"angle, assy"
D5735002101251,tire,"tip, assy"
A5724371020000,bushing nose,bushings
A2127169700200,duct assembly,duct assembly
D5237112920000,bushing nose,bushings
A5398031320000,bolt assembly,bolt ay
A5361031432601,actuator kit,sheet
D5754114320100,actuator kit,buttstrp
D9337016446800,placard fuel,placard safety
A2747053220000,spacer assembly,spacer sleeve
D5248511300000,strap assembly,strap
A2547370000200,box,box air
11512-20,NA,NA
A5461221600140,support assembly,support
D5757059100200,support assembly,support
A2913161602700,hose alt cooling,"hose, assembly"
D5357155321451,actuator kit,"clip, assy"
A2827029100400,tube air duct,"tube , assy"
A5377692120390,fit assembly,"fitting , assy"
D2527012000400,lining assembly,lining
A9242233720300,bracket floor,bracket
A5724444500139,seal kit,seal assy
A955B001244100,NA,NA
D5284024820200,instruction sheet,"plate, assembly"
D5463033820000,spacer assembly,spacer sleeve
D5323075520040,angle cabinet,"angle, assy"
A2157111900000,duct assembly,duct assembly
A5451535100000,actuator kit,splice
D5237263220000,actuator kit,shim
A5537321000200,bushing nose,bushings
D5391064220000,actuator kit,sheetmet
D5311268420201,rail assembly,rail ay
99D57103011000,actuator kit,refstd
D2527077620400,bushing nose,bushings
D5237263500000,strap assembly,strap
A5377921621400,fit assembly,"fitting , assy"
R5711028222400,actuator kit,symblot
A5794040020200,roller assembly,roller shutter
A9354080420000,block assembly,block ay
A2528225504200,speaker panel,pan assy
D5211030120000,plug assembly,plug ay
A5286980016151,door hinge,"door, assembly"
A2528271401200,cover assembly,cover assembly
A5397355400400,cap assembly,cap assy
A2527830400200,lining assembly,lining
A2187237900800,blanket assembly,blanket assembly
F5311183020000,fit assembly,"fitting , assy"
F5451110300000,link assembly,link assy
A5397382228490,instruction sheet,"plate, assembly"
A9321345520093,support assembly,support
A5461134620000,actuator kit,section
D5367009921200,instruction sheet,"plate, assembly"
D5261006220000,lever assembly,lever assembly
F5451183420000,seal kit,seal assy
A5797330920400,instruction sheet,"plate, assembly"
A2547128921600,flange assembly,flange
D5794005620100,bracket floor,bracket
A5398089720000,actuator kit,section
A2791282820000,actuator kit,conn
A5784362223951,seal kit,seal assy
A2901149000000,hose alt cooling,"hose, assembly"
A5724278320200,stud assembly,stud ay
D9347025401200,elbow assembly,elbow ay
A9242019000200,support assembly,support
A5786303621000,profile assembly,"profile,sealing"
D2731012020000,plug assembly,plug ay
A2727031120000,bolt assembly,bolt ay
A2528120059600,placard fuel,placard safety
A5784005320400,instruction sheet,"plate, assembly"
A7521501300000,actuator kit,diffuser
F5281078420000,bushing nose,bushings
A2551205600000,NA,NA
A5397822300600,lining assembly,lining
A5377572020251,actuator kit,section
D5547112920300,actuator kit,section
A2528132165400,placard fuel,placard safety
F5237139220000,bushing nose,bushings
A5327806000051,fit assembly,"fitting , assy"
A2547333003600,shelf assembly,shelf
A2527547720000,instruction sheet,"plate, assembly"
A2527607700600,fit assembly,"fitting , assy"
A5211124720000,screw assembly,screw
A5527106420000,bushing nose,bushings
A2553270720000,spring assembly,spring
A2121110320000,block assembly,block ay
A2151059700000,fit assembly,"fitting , assy"
D9245017720600,half clamp,clamp assembly
D5211155400100,fit assembly,"fitting , assy"
A2121009220000,lock nut,lockplat
D5757126220201,bracket floor,bracket
A252-78700-032,NA,NA
A5784351000100,speaker panel,panel
D5745051100000,instruction sheet,"plate, assembly"
A7604000420100,bracket floor,bracket
D9337070726600,placard fuel,placard safety
A5238020400400,tube air duct,"tube , assy"
D2157104520200,rear sheet metal,shaft
D5745053221000Z,instruction sheet,"plate, assembly"
A5227027620400,actuator kit,shim
A2551006300100,actuator kit,covering
D5518330000100,actuator kit,le
A2111109120900,stop assembly,stop
A5784379121551,seal kit,seal assy
D5367005000100,NA,NA
A5724476320000,instruction sheet,"plate, assembly"
A2547353601200,lining assembly,lining
D5211144820500,retainer lens,retainer
D5746103620700,angle cabinet,"angle, assy"
A3231107704200,pipe assembly,pipe assembly
A2557236020000,latch assembly,"latch,assy"
D3615009600100,duct assembly,duct assembly
A2547427100200,shelf assembly,shelf
502131,speaker panel,panel indicating light transmitt
A92523842200C01,aviation gusset assembly,gusset
A5724123900700,shutter assembly,shutter
D1121005026000,placard fuel,placard safety
A2528124644700,placard fuel,placard safety
D5744353624000,actuator kit,packer
A2157242000000,cap assembly,cap assy
F5761050701200,aileron,aileron
A2577111900400,drawer assembly,drawbar
A2531412200001,actuator kit,crossbem
A5211006620400,bushing nose,bushings
A25282538014009,cover assembly,cover assembly
A2821200221600,placard fuel,placard safety
F5332751520100,retainer lens,retainer
A4917020920000,washer assembly,washer
F9000095002595,bundle assembly,bundle
A5547141221200,actuator kit,strip
A9249141420000,spacer assembly,spacer sleeve
F9299105700000,equiped assembly,equipmnt
A2737502001600,rear sheet metal,shaft
F1121004029800,placard fuel,placard safety
35-454-1005,NA,NA
D2557290700000,placard assembly,plcrdset
A2527284720400,slat assembly,slat ay
D2511047620301,support assembly,support
F2903011000000,pipe assembly,pipe assembly
A2557388420200,actuator kit,strip
A2527628101000,NA,NA
A9249741100400,bracket floor,bracket
A5796954115451,fairing assembly,"fairing, assy"
D5725225122400,washer assembly,washer
A5797040800000,lever assembly,lever assembly
D5725028220100,bracket floor,bracket
D5357170521851,actuator kit,section
A2151059400000,fork assembly,fork
A2914002002200,tube air duct,"tube , assy"
D4957000000400,ventilator,ventiltn
D5754028020000,pin assembly,pin ay
A5377578720000,cover assembly,cover assembly
R5380002120000,fit assembly,fittin
A2781009900000,hose alt cooling,"hose, assembly"
A2121212520500,sleeve assembly,sleeve
A9242043320200,angle cabinet,"angle, assy"
D5337198900100,support assembly,support
D2527010600000,lining assembly,lining
A5724183400151,retainer lens,retainer
A2577183007400,frame assembly,frame assembly
D3615009600000,duct assembly,duct assembly
D2558528100000,NA,NA
A5724103120000,pin assembly,pin ay
A2718021801500,tube air duct,"tube , assy"
D5795004120000,stop assembly,stop
A2527693820400,placard fuel,placard safety
A3817411720000,washer assembly,washer
A2528124688300,placard fuel,placard safety
A2711037420100,actuator kit,stripru
F5755142220200,actuator kit,tag
A5398192920200,actuator kit,section
D5598164920000,washer assembly,washer
A2547596220800,bushing nose,bushings
A5357557820000,spacer assembly,spacer sleeve
A2791112120100,actuator assembly,actuator assembly
F5331439320200,seal kit,seal assy
A2557114720400,actuator kit,section
D5725130300200,door hinge,"door, assembly"
A2717033400100,lever assembly,lever assembly
A2577050500600,aviation guide assembly,"guide,assy"
A2527285120000,angle cabinet,"angle, assy"
D5463021400100,instruction sheet,"plate, assembly"
D3615001822200,pin assembly,pin ay
A2713309220200,bracket floor,bracket
F5332118820000,bracket floor,bracket
A2797111220000,angle cabinet,"angle, assy"
A3231027500500,pipe assembly,pipe assembly
A5797137520400,actuator kit,section
D5361019800040,angle cabinet,"angle, assy"
A5784362223100,seal kit,seal assy
D5754600400400Z,speaker panel,panel
A54610071206017,bushing nose,bushings
F9299236901400,aircraft harness,harness assy
A2527812300700,cover assembly,cover assembly
A2157036420000,cap assembly,cap assy
A2547254602600,NA,NA
A9259198300000,speaker panel,panel
A52811060200002,bushing nose,bushings
107-23,bracket floor,bracket
A0003002500100,NA,NA
D5453016900100,filter kit,filter air
A5237807120000,housing blade,"housing, assembly"
A2529490504200,speaker panel,panel
A2527548300200,lining assembly,lining
A2727044220200,instruction sheet,"plate, assembly"
A5327467920200,actuator kit,section
A5327453220400,fit assembly,"fitting , assy"
A5361068844502,retainer lens,retainer
A2553250400301,cover assembly,cover assembly
A5327804320200,bracket floor,bracket
A2157030320000,bracket floor,bracket
D5211031700000,instruction sheet,"plate, assembly"
D9259016400200,adapters,adapter
F2627007200200,hose alt cooling,"hose, assembly"
A925-91828-004-...,NA,NA
A5797411421400,washer assembly,washer
D5281003920600,actuator kit,shim
R5710001120600,actuator kit,stringer
A2577048920200,actuator kit,"name,plate"
A5327232600000,NA,NA
F9249263010100,actuator kit,conduit
F2581019500000,blanket assembly,blanket assembly
A5725800320100,speaker panel,panel
F5746239321251,seal kit,seal assy
D5463023700000,bulkhead,"bulkhead, assy"
A5724208924700,angle cabinet,"angle, assy"
A5461212260000,actuator kit,stiffenr
A2557359100200,speaker panel,panel
